Date,MMWR_week,Location,Distributed,Distributed_Janssen,Distributed_Moderna,Distributed_Pfizer,Distributed_Unk_Manuf,Dist_Per_100K,Distributed_Per_100k_12Plus,Distributed_Per_100k_18Plus,Distributed_Per_100k_65Plus,Administered,Administered_12Plus,Administered_18Plus,Administered_65Plus,Administered_Janssen,Administered_Moderna,Administered_Pfizer,Administered_Unk_Manuf,Admin_Per_100K,Admin_Per_100k_12Plus,Admin_Per_100k_18Plus,Admin_Per_100k_65Plus,Recip_Administered,Administered_Dose1_Recip,Administered_Dose1_Pop_Pct,Administered_Dose1_Recip_12Plus,Administered_Dose1_Recip_12PlusPop_Pct,Administered_Dose1_Recip_12_17,Administered_Dose1_Recip_12_17_Pct,Administered_Dose1_Recip_18Plus,Administered_Dose1_Recip_18PlusPop_Pct,Administered_Dose1_Recip_65Plus,Administered_Dose1_Recip_65PlusPop_Pct,Administered_Dose1_Recip_18_64,Administered_Dose1_Recip_18_64_Pct,Series_Complete_Yes,Series_Complete_Pop_Pct,Series_Complete_12Plus,Series_Complete_12PlusPop_Pct,Series_Complete_18Plus,Series_Complete_18PlusPop_Pct,Series_Complete_65Plus,Series_Complete_65PlusPop_Pct,Series_Complete_Janssen,Series_Complete_Moderna,Series_Complete_Pfizer,Series_Complete_Unk_Manuf,Series_Complete_Janssen_12Plus,Series_Complete_Moderna_12Plus,Series_Complete_Pfizer_12Plus,Series_Complete_Unk_Manuf_12Plus,Series_Complete_Janssen_18Plus,Series_Complete_Moderna_18Plus,Series_Complete_Pfizer_18Plus,Series_Complete_Unk_Manuf_18Plus,Series_Complete_Janssen_65Plus,Series_Complete_Moderna_65Plus,Series_Complete_Pfizer_65Plus,Series_Complete_Unk_Manuf_65Plus,Additional_Doses,Additional_Doses_Vax_Pct,Additional_Doses_12Plus,Additional_Doses_12Plus_Vax_Pct,Additional_Doses_18Plus,Additional_Doses_18Plus_Vax_Pct,Additional_Doses_50Plus,Additional_Doses_50Plus_Vax_Pct,Additional_Doses_65Plus,Additional_Doses_65Plus_Vax_Pct,Additional_Doses_Moderna,Additional_Doses_Pfizer,Additional_Doses_Janssen,Additional_Doses_Unk_Manuf,Administered_Dose1_Recip_5Plus,Administered_Dose1_Recip_5PlusPop_Pct,Series_Complete_5Plus,Series_Complete_5PlusPop_Pct,Administered_5Plus,Admin_Per_100k_5Plus,Distributed_Per_100k_5Plus,Series_Complete_Moderna_5Plus,Series_Complete_Pfizer_5Plus,Series_Complete_Janssen_5Plus,Series_Complete_Unk_Manuf_5Plus,Second_Booster
10/21/2021,42,LTC,106855155,2497000.00,30638120.00,73720035.00,0,0,0,0,0,8076885.00,0,0,0,29646.00,2057303.00,5982780.00,7156.00,0,0,0,0,0,0,0,0,0,0,#DIV/0!,0,0,0,0,0,#DIV/0!,0,0,0,0,0,0,0,0,0,0,0,0,0,0,0,0,0,0,0,0,0,0,0,0,0,0,,,0,0,0,0,0,0,0,0,0,0,0,0,0,0,0,0,0,,,,,
10/20/2021,42,LTC,106242245,2495500.00,30324880.00,73421865.00,0,0,0,0,0,8071200.00,0,0,0,29627.00,2057114.00,5977303.00,7156.00,0,0,0,0,0,0,0,0,0,0,#DIV/0!,0,0,0,0,0,#DIV/0!,0,0,0,0,0,0,0,0,0,0,0,0,0,0,0,0,0,0,0,0,0,0,0,0,0,0,,,0,0,0,0,0,0,0,0,0,0,0,0,0,0,0,0,0,,,,,
10/19/2021,42,LTC,105349755,2494200.00,30086460.00,72769095.00,0,0,0,0,0,8065971.00,0,0,0,29273.00,2056886.00,5972656.00,7156.00,0,0,0,0,0,0,0,0,0,0,#DIV/0!,0,0,0,0,0,#DIV/0!,0,0,0,0,0,0,0,0,0,0,0,0,0,0,0,0,0,0,0,0,0,0,0,0,0,0,,,0,0,0,0,0,0,0,0,0,0,0,0,0,0,0,0,0,,,,,
10/18/2021,42,LTC,104885615,2492500.00,29953240.00,72439875.00,0,0,0,0,0,8059104.00,0,0,0,29253.00,2056040.00,5966655.00,7156.00,0,0,0,0,0,0,0,0,0,0,#DIV/0!,0,0,0,0,0,#DIV/0!,0,0,0,0,0,0,0,0,0,0,0,0,0,0,0,0,0,0,0,0,0,0,0,0,0,0,,,0,0,0,0,0,0,0,0,0,0,0,0,0,0,0,0,0,,,,,
10/17/2021,42,LTC,104878595,2492500.00,29953240.00,72432855.00,0,0,0,0,0,8058379.00,0,0,0,29253.00,2056040.00,5965930.00,7156.00,0,0,0,0,0,0,0,0,0,0,#DIV/0!,0,0,0,0,0,#DIV/0!,0,0,0,0,0,0,0,0,0,0,0,0,0,0,0,0,0,0,0,0,0,0,0,0,0,0,,,0,0,0,0,0,0,0,0,0,0,0,0,0,0,0,0,0,,,,,
10/16/2021,41,LTC,104804175,2491300.00,29880020.00,72432855.00,0,0,0,0,0,8056158.00,0,0,0,29253.00,2056039.00,5963710.00,7156.00,0,0,0,0,0,0,0,0,0,0,#DIV/0!,0,0,0,0,0,#DIV/0!,0,0,0,0,0,0,0,0,0,0,0,0,0,0,0,0,0,0,0,0,0,0,0,0,0,0,,,0,0,0,0,0,0,0,0,0,0,0,0,0,0,0,0,0,,,,,
10/15/2021,41,LTC,104585295,2491300.00,29880020.00,72213975.00,0,0,0,0,0,8045759.00,0,0,0,29244.00,2055163.00,5954196.00,7156.00,0,0,0,0,0,0,0,0,0,0,#DIV/0!,0,0,0,0,0,#DIV/0!,0,0,0,0,0,0,0,0,0,0,0,0,0,0,0,0,0,0,0,0,0,0,0,0,0,0,,,0,0,0,0,0,0,0,0,0,0,0,0,0,0,0,0,0,,,,,
10/14/2021,41,LTC,104032755,2490700.00,29842520.00,71699535.00,0,0,0,0,0,8041783.00,0,0,0,29244.00,2055053.00,5950330.00,7156.00,0,0,0,0,0,0,0,0,0,0,#DIV/0!,0,0,0,0,0,#DIV/0!,0,0,0,0,0,0,0,0,0,0,0,0,0,0,0,0,0,0,0,0,0,0,0,0,0,0,,,0,0,0,0,0,0,0,0,0,0,0,0,0,0,0,0,0,,,,,
10/13/2021,41,LTC,103076455,2490200.00,29772860.00,70813395.00,0,0,0,0,0,8038138.00,0,0,0,29228.00,2054534.00,5947220.00,7156.00,0,0,0,0,0,0,0,0,0,0,#DIV/0!,0,0,0,0,0,#DIV/0!,0,0,0,0,0,0,0,0,0,0,0,0,0,0,0,0,0,0,0,0,0,0,0,0,0,0,,,0,0,0,0,0,0,0,0,0,0,0,0,0,0,0,0,0,,,,,
10/12/2021,41,LTC,102179215,2489200.00,29568720.00,70121295.00,0,0,0,0,0,8036442.00,0,0,0,29210.00,2054488.00,5945588.00,7156.00,0,0,0,0,0,0,0,0,0,0,#DIV/0!,0,0,0,0,0,#DIV/0!,0,0,0,0,0,0,0,0,0,0,0,0,0,0,0,0,0,0,0,0,0,0,0,0,0,0,,,0,0,0,0,0,0,0,0,0,0,0,0,0,0,0,0,0,,,,,
10/11/2021,41,LTC,102088225,2488600.00,29485980.00,70113645.00,0,0,0,0,0,8031997.00,0,0,0,29183.00,2053637.00,5942021.00,7156.00,0,0,0,0,0,0,0,0,0,0,#DIV/0!,0,0,0,0,0,#DIV/0!,0,0,0,0,0,0,0,0,0,0,0,0,0,0,0,0,0,0,0,0,0,0,0,0,0,0,,,0,0,0,0,0,0,0,0,0,0,0,0,0,0,0,0,0,,,,,
10/10/2021,41,LTC,101988175,2488600.00,29480700.00,70018875.00,0,0,0,0,0,8031566.00,0,0,0,29183.00,2053637.00,5941590.00,7156.00,0,0,0,0,0,0,0,0,0,0,#DIV/0!,0,0,0,0,0,#DIV/0!,0,0,0,0,0,0,0,0,0,0,0,0,0,0,0,0,0,0,0,0,0,0,0,0,0,0,,,0,0,0,0,0,0,0,0,0,0,0,0,0,0,0,0,0,,,,,
10/09/2021,40,LTC,101944175,2488000.00,29437300.00,70018875.00,0,0,0,0,0,8030699.00,0,0,0,29183.00,2053637.00,5940723.00,7156.00,0,0,0,0,0,0,0,0,0,0,#DIV/0!,0,0,0,0,0,#DIV/0!,0,0,0,0,0,0,0,0,0,0,0,0,0,0,0,0,0,0,0,0,0,0,0,0,0,0,,,0,0,0,0,0,0,0,0,0,0,0,0,0,0,0,0,0,,,,,
10/08/2021,40,LTC,101919425,2488000.00,29437300.00,69994125.00,0,0,0,0,0,8025842.00,0,0,0,29107.00,2052540.00,5937039.00,7156.00,0,0,0,0,0,0,0,0,0,0,#DIV/0!,0,0,0,0,0,#DIV/0!,0,0,0,0,0,0,0,0,0,0,0,0,0,0,0,0,0,0,0,0,0,0,0,0,0,0,,,0,0,0,0,0,0,0,0,0,0,0,0,0,0,0,0,0,,,,,
10/07/2021,40,LTC,101557555,2487700.00,29399460.00,69670395.00,0,0,0,0,0,8022049.00,0,0,0,29078.00,2052253.00,5933562.00,7156.00,0,0,0,0,0,0,0,0,0,0,#DIV/0!,0,0,0,0,0,#DIV/0!,0,0,0,0,0,0,0,0,0,0,0,0,0,0,0,0,0,0,0,0,0,0,0,0,0,0,,,0,0,0,0,0,0,0,0,0,0,0,0,0,0,0,0,0,,,,,
10/06/2021,40,LTC,100321975,2485400.00,29366420.00,68470155.00,0,0,0,0,0,8017821.00,0,0,0,28903.00,2051947.00,5929815.00,7156.00,0,0,0,0,0,0,0,0,0,0,#DIV/0!,0,0,0,0,0,#DIV/0!,0,0,0,0,0,0,0,0,0,0,0,0,0,0,0,0,0,0,0,0,0,0,0,0,0,0,,,0,0,0,0,0,0,0,0,0,0,0,0,0,0,0,0,0,,,,,
10/05/2021,40,LTC,99365985,2484700.00,29149400.00,67731885.00,0,0,0,0,0,7979376.00,0,0,0,28873.00,2039547.00,5903800.00,7156.00,0,0,0,0,0,0,0,0,0,0,#DIV/0!,0,0,0,0,0,#DIV/0!,0,0,0,0,0,0,0,0,0,0,0,0,0,0,0,0,0,0,0,0,0,0,0,0,0,0,,,0,0,0,0,0,0,0,0,0,0,0,0,0,0,0,0,0,,,,,
10/04/2021,40,LTC,99069635,2482900.00,29029180.00,67557555.00,0,0,0,0,0,7974073.00,0,0,0,28780.00,2038211.00,5899926.00,7156.00,0,0,0,0,0,0,0,0,0,0,#DIV/0!,0,0,0,0,0,#DIV/0!,0,0,0,0,0,0,0,0,0,0,0,0,0,0,0,0,0,0,0,0,0,0,0,0,0,0,,,0,0,0,0,0,0,0,0,0,0,0,0,0,0,0,0,0,,,,,
10/03/2021,40,LTC,98902325,2482900.00,29029180.00,67390245.00,0,0,0,0,0,7974053.00,0,0,0,28780.00,2038211.00,5899906.00,7156.00,0,0,0,0,0,0,0,0,0,0,#DIV/0!,0,0,0,0,0,#DIV/0!,0,0,0,0,0,0,0,0,0,0,0,0,0,0,0,0,0,0,0,0,0,0,0,0,0,0,,,0,0,0,0,0,0,0,0,0,0,0,0,0,0,0,0,0,,,,,
10/02/2021,39,LTC,98901905,2482900.00,29028760.00,67390245.00,0,0,0,0,0,7973938.00,0,0,0,28780.00,2038211.00,5899791.00,7156.00,0,0,0,0,0,0,0,0,0,0,#DIV/0!,0,0,0,0,0,#DIV/0!,0,0,0,0,0,0,0,0,0,0,0,0,0,0,0,0,0,0,0,0,0,0,0,0,0,0,,,0,0,0,0,0,0,0,0,0,0,0,0,0,0,0,0,0,,,,,
10/01/2021,39,LTC,98545615,2482000.00,28962540.00,67101075.00,0,0,0,0,0,7972469.00,0,0,0,28767.00,2038031.00,5898515.00,7156.00,0,0,0,0,0,0,0,0,0,0,#DIV/0!,0,0,0,0,0,#DIV/0!,0,0,0,0,0,0,0,0,0,0,0,0,0,0,0,0,0,0,0,0,0,0,0,0,0,0,,,0,0,0,0,0,0,0,0,0,0,0,0,0,0,0,0,0,,,,,
09/30/2021,39,LTC,98543275,2482000.00,28962540.00,67098735.00,0,0,0,0,0,7971264.00,0,0,0,28763.00,2037833.00,5897512.00,7156.00,0,0,0,0,0,0,0,0,0,0,#DIV/0!,0,0,0,0,0,#DIV/0!,0,0,0,0,0,0,0,0,0,0,0,0,0,0,0,0,0,0,0,0,0,0,0,0,0,0,,,0,0,0,0,0,0,0,0,0,0,0,0,0,0,0,0,0,,,,,
09/29/2021,39,LTC,97754195,2481100.00,28725520.00,66547575.00,0,0,0,0,0,7970450.00,0,0,0,28757.00,2037619.00,5896918.00,7156.00,0,0,0,0,0,0,0,0,0,0,#DIV/0!,0,0,0,0,0,#DIV/0!,0,0,0,0,0,0,0,0,0,0,0,0,0,0,0,0,0,0,0,0,0,0,0,0,0,,,,,,,0,,,,,,,0,0,0,0,0,0,0,,,,,
09/28/2021,39,LTC,97754195,2481100.00,28725520.00,66547575.00,0,0,0,0,0,7968501.00,0,0,0,28734.00,2037124.00,5895487.00,7156.00,0,0,0,0,0,0,0,0,0,0,#DIV/0!,0,0,0,0,0,#DIV/0!,0,0,0,0,0,0,0,0,0,0,0,0,0,0,0,0,0,0,0,0,0,0,0,0,0,,,,,,,0,,,,,,,0,0,0,0,0,0,0,,,,,
09/27/2021,39,LTC,97388275,2478600.00,28638220.00,66271455.00,0,0,0,0,0,7962878.00,0,0,0,28668.00,2035298.00,5891756.00,7156.00,0,0,0,0,0,0,0,0,0,0,#DIV/0!,0,0,0,0,0,#DIV/0!,0,0,0,0,0,0,0,0,0,0,0,0,0,0,0,0,0,0,0,0,0,0,0,0,0,,,,,,,0,,,,,,,0,0,0,0,0,0,0,,,,,
09/26/2021,39,LTC,97378495,2478600.00,28637800.00,66262095.00,0,0,0,0,0,7962878.00,0,0,0,28668.00,2035298.00,5891756.00,7156.00,0,0,0,0,0,0,0,0,0,0,#DIV/0!,0,0,0,0,0,#DIV/0!,0,0,0,0,0,0,0,0,0,0,0,0,0,0,0,0,0,0,0,0,0,0,0,0,0,,,,,,,0,,,,,,,0,0,0,0,0,0,0,,,,,
09/25/2021,38,LTC,97358055,2478600.00,28617360.00,66262095.00,0,0,0,0,0,7962878.00,0,0,0,28668.00,2035298.00,5891756.00,7156.00,0,0,0,0,0,0,0,0,0,0,#DIV/0!,0,0,0,0,0,#DIV/0!,0,0,0,0,0,0,0,0,0,0,0,0,0,0,0,0,0,0,0,0,0,0,0,0,0,,,,,,,0,,,,,,,0,0,0,0,0,0,0,,,,,
09/24/2021,38,LTC,97338165,2478600.00,28617360.00,66242205.00,0,0,0,0,0,7961316.00,0,0,0,28643.00,2034687.00,5890830.00,7156.00,0,0,0,0,0,0,0,0,0,0,#DIV/0!,0,0,0,0,0,#DIV/0!,0,0,0,0,0,0,0,0,0,0,0,0,0,0,0,0,0,0,0,0,0,0,0,0,0,0,,,0,0,0,0,0,0,0,0,0,0,0,0,0,0,0,0,0,,,,,
09/23/2021,38,LTC,97275385,2476600.00,28594020.00,66204765.00,0,0,0,0,0,7959111.00,0,0,0,28629.00,2033867.00,5889459.00,7156.00,0,0,0,0,0,0,0,0,0,0,#DIV/0!,0,0,0,0,0,#DIV/0!,0,0,0,0,0,0,0,0,0,0,0,0,0,0,0,0,0,0,0,0,0,0,0,0,0,0,,,0,0,0,0,0,0,0,0,0,0,0,0,0,0,0,0,0,,,,,
09/22/2021,38,LTC,97121005,2476600.00,28556640.00,66087765.00,0,0,0,0,0,7957400.00,0,0,0,28601.00,2033394.00,5888249.00,7156.00,0,0,0,0,0,0,0,0,0,0,#DIV/0!,0,0,0,0,0,#DIV/0!,0,0,0,0,0,0,0,0,0,0,0,0,0,0,0,0,0,0,0,0,0,0,0,0,0,0,,,0,0,0,0,0,0,0,0,0,0,0,0,0,0,0,0,0,,,,,
09/21/2021,38,LTC,96799025,2476600.00,28407820.00,65914605.00,0,0,0,0,0,7956416.00,0,0,0,28583.00,2032958.00,5887719.00,7156.00,0,0,0,0,0,0,0,0,0,0,#DIV/0!,0,0,0,0,0,#DIV/0!,0,0,0,0,0,0,0,0,0,0,0,0,0,0,0,0,0,0,0,0,0,0,0,0,0,0,,,0,0,0,0,0,0,0,0,0,0,0,0,0,0,0,0,0,,,,,
09/20/2021,38,LTC,96712445,2476600.00,28389100.00,65846745.00,0,0,0,0,0,7954083.00,0,0,0,28519.00,2031517.00,5886891.00,7156.00,0,0,0,0,0,0,0,0,0,0,#DIV/0!,0,0,0,0,0,#DIV/0!,0,0,0,0,0,0,0,0,0,0,0,0,0,0,0,0,0,0,0,0,0,0,0,0,0,0,,,0,0,0,0,0,0,0,0,0,0,0,0,0,0,0,0,0,,,,,
09/19/2021,38,LTC,96697235,2476600.00,28389100.00,65831535.00,0,0,0,0,0,7954083.00,0,0,0,28519.00,2031517.00,5886891.00,7156.00,0,0,0,0,0,0,0,0,0,0,#DIV/0!,0,0,0,0,0,#DIV/0!,0,0,0,0,0,0,0,0,0,0,0,0,0,0,0,0,0,0,0,0,0,0,0,0,0,0,,,0,0,0,0,0,0,0,0,0,0,0,0,0,0,0,0,0,,,,,
09/18/2021,37,LTC,96656075,2476600.00,28347940.00,65831535.00,0,0,0,0,0,7954083.00,0,0,0,28519.00,2031517.00,5886891.00,7156.00,0,0,0,0,0,0,0,0,0,0,#DIV/0!,0,0,0,0,0,#DIV/0!,0,0,0,0,0,0,0,0,0,0,0,0,0,0,0,0,0,0,0,0,0,0,0,0,0,0,,,0,0,0,0,0,0,0,0,0,0,0,0,0,0,0,0,0,,,,,
09/17/2021,37,LTC,96651395,2476600.00,28347940.00,65826855.00,0,0,0,0,0,7952763.00,0,0,0,28500.00,2031199.00,5885908.00,7156.00,0,0,0,0,0,0,0,0,0,0,#DIV/0!,0,0,0,0,0,#DIV/0!,0,0,0,0,0,0,0,0,0,0,0,0,0,0,0,0,0,0,0,0,0,0,0,0,0,0,,,0,0,0,0,0,0,0,0,0,0,0,0,0,0,0,0,0,,,,,
09/16/2021,37,LTC,95751875,2476600.00,28248700.00,65026575.00,0,0,0,0,0,7950260.00,0,0,0,28461.00,2030438.00,5884205.00,7156.00,0,0,0,0,0,0,0,0,0,0,#DIV/0!,0,0,0,0,0,#DIV/0!,0,0,0,0,0,0,0,0,0,0,0,0,0,0,0,0,0,0,0,0,0,0,0,0,0,0,,,0,0,0,0,0,0,0,0,0,0,0,0,0,0,0,0,0,,,,,
09/15/2021,37,LTC,95305535,2474700.00,28209080.00,64621755.00,0,0,0,0,0,7949006.00,0,0,0,28448.00,2029884.00,5883518.00,7156.00,0,0,0,0,0,0,0,0,0,0,#DIV/0!,0,0,0,0,0,#DIV/0!,0,0,0,0,0,0,0,0,0,0,0,0,0,0,0,0,0,0,0,0,0,0,0,0,0,0,,,0,0,0,0,0,0,0,0,0,0,0,0,0,0,0,0,0,,,,,
09/14/2021,37,LTC,94931855,2474700.00,28008560.00,64448595.00,0,0,0,0,0,7948392.00,0,0,0,28413.00,2029626.00,5883197.00,7156.00,0,0,0,0,0,0,0,0,0,0,#DIV/0!,0,0,0,0,0,#DIV/0!,0,0,0,0,0,0,0,0,0,0,0,0,0,0,0,0,0,0,0,0,0,0,0,0,0,0,,,0,0,0,0,0,0,0,0,0,0,0,0,0,0,0,0,0,,,,,
09/13/2021,37,LTC,94586045,2474700.00,27771560.00,64339785.00,0,0,0,0,0,7946892.00,0,0,0,28386.00,2028763.00,5882587.00,7156.00,0,0,0,0,0,0,0,0,0,0,#DIV/0!,0,0,0,0,0,#DIV/0!,0,0,0,0,0,0,0,0,0,0,0,0,0,0,0,0,0,0,0,0,0,0,0,0,0,0,,,0,0,0,0,0,0,0,0,0,0,0,0,0,0,0,0,0,,,,,
09/12/2021,37,LTC,94566025,2474700.00,27767920.00,64323405.00,0,0,0,0,0,7946892.00,0,0,0,28386.00,2028763.00,5882587.00,7156.00,0,0,0,0,0,0,0,0,0,0,#DIV/0!,0,0,0,0,0,#DIV/0!,0,0,0,0,0,0,0,0,0,0,0,0,0,0,0,0,0,0,0,0,0,0,0,0,0,0,,,0,0,0,0,0,0,0,0,0,0,0,0,0,0,0,0,0,,,,,
09/11/2021,36,LTC,94502465,2474700.00,27704360.00,64323405.00,0,0,0,0,0,7946892.00,0,0,0,28386.00,2028763.00,5882587.00,7156.00,0,0,0,0,0,0,0,0,0,0,#DIV/0!,0,0,0,0,0,#DIV/0!,0,0,0,0,0,0,0,0,0,0,0,0,0,0,0,0,0,0,0,0,0,0,0,0,0,0,,,0,0,0,0,0,0,0,0,0,0,0,0,0,0,0,0,0,,,,,
09/10/2021,36,LTC,94391315,2474700.00,27704360.00,64212255.00,0,0,0,0,0,7945067.00,0,0,0,28370.00,2027877.00,5881664.00,7156.00,0,0,0,0,0,0,0,0,0,0,#DIV/0!,0,0,0,0,0,#DIV/0!,0,0,0,0,0,0,0,0,0,0,0,0,0,0,0,0,0,0,0,0,0,0,0,0,0,0,,,0,0,0,0,0,0,0,0,0,0,0,0,0,0,0,0,0,,,,,
09/09/2021,36,LTC,93552685,2474700.00,27664840.00,63413145.00,0,0,0,0,0,7943257.00,0,0,0,28358.00,2027334.00,5880409.00,7156.00,0,0,0,0,0,0,0,0,0,0,#DIV/0!,0,0,0,0,0,#DIV/0!,0,0,0,0,0,0,0,0,0,0,0,0,0,0,0,0,0,0,0,0,0,0,0,0,0,0,,,0,0,0,0,0,0,0,0,0,0,0,0,0,0,0,0,0,,,,,
09/08/2021,36,LTC,92578545,2474700.00,27416100.00,62687745.00,0,0,0,0,0,7942237.00,0,0,0,28346.00,2026864.00,5879871.00,7156.00,0,0,0,0,0,0,0,0,0,0,#DIV/0!,0,0,0,0,0,#DIV/0!,0,0,0,0,0,0,0,0,0,0,0,0,0,0,0,0,0,0,0,0,0,0,0,0,0,0,,,0,0,0,0,0,0,0,0,0,0,0,0,0,0,0,0,0,,,,,
09/07/2021,36,LTC,92230745,2474700.00,27147860.00,62608185.00,0,0,0,0,0,7939805.00,0,0,0,28328.00,2025912.00,5878409.00,7156.00,0,0,0,0,0,0,0,0,0,0,#DIV/0!,0,0,0,0,0,#DIV/0!,0,0,0,0,0,0,0,0,0,0,0,0,0,0,0,0,0,0,0,0,0,0,0,0,0,0,,,0,0,0,0,0,0,0,0,0,0,0,0,0,0,0,0,0,,,,,
09/06/2021,36,LTC,92210775,2474700.00,27138420.00,62597655.00,0,0,0,0,0,7938771.00,0,0,0,28310.00,2024919.00,5878386.00,7156.00,0,0,0,0,0,0,0,0,0,0,#DIV/0!,0,0,0,0,0,#DIV/0!,0,0,0,0,0,0,0,0,0,0,0,0,0,0,0,0,0,0,0,0,0,0,0,0,0,0,,,0,0,0,0,0,0,0,0,0,0,0,0,0,0,0,0,0,,,,,
09/05/2021,36,LTC,92210775,2474700.00,27138420.00,62597655.00,0,0,0,0,0,7938734.00,0,0,0,28310.00,2024913.00,5878355.00,7156.00,0,0,0,0,0,0,0,0,0,0,#DIV/0!,0,0,0,0,0,#DIV/0!,0,0,0,0,0,0,0,0,0,0,0,0,0,0,0,0,0,0,0,0,0,0,0,0,0,0,,,0,0,0,0,0,0,0,0,0,0,0,0,0,0,0,0,0,,,,,
09/04/2021,35,LTC,92210775,2474700.00,27138420.00,62597655.00,0,0,0,0,0,7938655.00,0,0,0,28310.00,2024895.00,5878294.00,7156.00,0,0,0,0,0,0,0,0,0,0,#DIV/0!,0,0,0,0,0,#DIV/0!,0,0,0,0,0,0,0,0,0,0,0,0,0,0,0,0,0,0,0,0,0,0,0,0,0,0,,,0,0,0,0,0,0,0,0,0,0,0,0,0,0,0,0,0,,,,,
09/03/2021,35,LTC,92192055,2474700.00,27138420.00,62578935.00,0,0,0,0,0,7938162.00,0,0,0,28302.00,2024645.00,5878059.00,7156.00,0,0,0,0,0,0,0,0,0,0,#DIV/0!,0,0,0,0,0,#DIV/0!,0,0,0,0,0,0,0,0,0,0,0,0,0,0,0,0,0,0,0,0,0,0,0,0,0,0,,,0,0,0,0,0,0,0,0,0,0,0,0,0,0,0,0,0,,,,,
09/02/2021,35,LTC,91288255,2474700.00,27128500.00,61685055.00,0,0,0,0,0,7935386.00,0,0,0,28262.00,2023851.00,5876117.00,7156.00,0,0,0,0,0,0,0,0,0,0,#DIV/0!,0,0,0,0,0,#DIV/0!,0,0,0,0,0,0,0,0,0,0,0,0,0,0,0,0,0,0,0,0,0,0,0,0,0,0,,,0,0,0,0,0,0,0,0,0,0,0,0,0,0,0,0,0,,,,,
09/01/2021,35,LTC,90861455,2474700.00,27101840.00,61284915.00,0,0,0,0,0,7934593.00,0,0,0,28241.00,2023416.00,5875780.00,7156.00,0,0,0,0,0,0,0,0,0,0,#DIV/0!,0,0,0,0,0,#DIV/0!,0,0,0,0,0,0,0,0,0,0,0,0,0,0,0,0,0,0,0,0,0,0,0,0,0,0,,,0,0,0,0,0,0,0,0,0,0,0,0,0,0,0,0,0,,,,,
08/31/2021,35,LTC,90253785,2474700.00,26728800.00,61050285.00,0,0,0,0,0,7933595.00,0,0,0,28221.00,2022878.00,5875340.00,7156.00,0,0,0,0,0,0,0,0,0,0,#DIV/0!,0,0,0,0,0,#DIV/0!,0,0,0,0,0,0,0,0,0,0,0,0,0,0,0,0,0,0,0,0,0,0,0,0,0,0,,,0,0,0,0,0,0,0,0,0,0,0,0,0,0,0,0,0,,,,,
08/30/2021,35,LTC,89896265,2474700.00,26544440.00,60877125.00,0,0,0,0,0,7932102.00,0,0,0,28179.00,2021911.00,5874856.00,7156.00,0,0,0,0,0,0,0,0,0,0,#DIV/0!,0,0,0,0,0,#DIV/0!,0,0,0,0,0,0,0,0,0,0,0,0,0,0,0,0,0,0,0,0,0,0,0,0,0,0,,,0,0,0,0,0,0,0,0,0,0,0,0,0,0,0,0,0,,,,,
08/29/2021,35,LTC,89894445,2474700.00,26542620.00,60877125.00,0,0,0,0,0,7931034.00,0,0,0,28177.00,2021477.00,5874224.00,7156.00,0,0,0,0,0,0,0,0,0,0,#DIV/0!,0,0,0,0,0,#DIV/0!,0,0,0,0,0,0,0,0,0,0,0,0,0,0,0,0,0,0,0,0,0,0,0,0,0,0,,,0,0,0,0,0,0,0,0,0,0,0,0,0,0,0,0,0,,,,,
08/28/2021,34,LTC,89756405,2474700.00,26404580.00,60877125.00,0,0,0,0,0,7930002.00,0,0,0,28169.00,2021309.00,5873368.00,7156.00,0,0,0,0,0,0,0,0,0,0,#DIV/0!,0,0,0,0,0,#DIV/0!,0,0,0,0,0,0,0,0,0,0,0,0,0,0,0,0,0,0,0,0,0,0,0,0,0,0,,,0,0,0,0,0,0,0,0,0,0,0,0,0,0,0,0,0,,,,,
08/27/2021,34,LTC,89562185,2474700.00,26404580.00,60682905.00,0,0,0,0,0,7928573.00,0,0,0,28153.00,2020497.00,5872767.00,7156.00,0,0,0,0,0,0,0,0,0,0,#DIV/0!,0,0,0,0,0,#DIV/0!,0,0,0,0,0,0,0,0,0,0,0,0,0,0,0,0,0,0,0,0,0,0,0,0,0,0,,,0,0,0,0,0,0,0,0,0,0,0,0,0,0,0,0,0,,,,,
08/26/2021,34,LTC,89374505,2474700.00,26376020.00,60523785.00,0,0,0,0,0,7927422.00,0,0,0,28106.00,2019765.00,5872395.00,7156.00,0,0,0,0,0,0,0,0,0,0,#DIV/0!,0,0,0,0,0,#DIV/0!,0,0,0,0,0,0,0,0,0,0,0,0,0,0,0,0,0,0,0,0,0,0,0,0,0,0,,,0,0,0,0,0,0,0,0,0,0,0,0,0,0,0,0,0,,,,,
08/25/2021,34,LTC,88688185,2474700.00,26281720.00,59931765.00,0,0,0,0,0,7926499.00,0,0,0,28068.00,2019036.00,5872239.00,7156.00,0,0,0,0,0,0,0,0,0,0,#DIV/0!,0,0,0,0,0,#DIV/0!,0,0,0,0,0,0,0,0,0,0,0,0,0,0,0,0,0,0,0,0,0,0,0,0,0,0,,,0,0,0,0,0,0,0,0,0,0,0,0,0,0,0,0,0,,,,,
08/24/2021,34,LTC,87133915,2474700.00,25753540.00,58905675.00,0,0,0,0,0,7925949.00,0,0,0,28055.00,2018682.00,5872056.00,7156.00,0,0,0,0,0,0,0,0,0,0,#DIV/0!,0,0,0,0,0,#DIV/0!,0,0,0,0,0,0,0,0,0,0,0,0,0,0,0,0,0,0,0,0,0,0,0,0,0,0,,,0,0,0,0,0,0,0,0,0,0,0,0,0,0,0,0,0,,,,,
08/23/2021,34,LTC,86530455,2474700.00,25367700.00,58688055.00,0,0,0,0,0,7923777.00,0,0,0,28028.00,2017377.00,5871216.00,7156.00,0,0,0,0,0,0,0,0,0,0,#DIV/0!,0,0,0,0,0,#DIV/0!,0,0,0,0,0,0,0,0,0,0,0,0,0,0,0,0,0,0,0,0,0,0,0,0,0,0,,,0,0,0,0,0,0,0,0,0,0,0,0,0,0,0,0,0,,,,,
08/22/2021,34,LTC,86513235,2474700.00,25350480.00,58688055.00,0,0,0,0,0,7923447.00,0,0,0,28020.00,2017280.00,5870991.00,7156.00,0,0,0,0,0,0,0,0,0,0,#DIV/0!,0,0,0,0,0,#DIV/0!,0,0,0,0,0,0,0,0,0,0,0,0,0,0,0,0,0,0,0,0,0,0,0,0,,0,,,0,0,0,0,0,0,0,0,0,0,0,0,0,0,0,0,0,,,,,
08/21/2021,33,LTC,86431575,2474700.00,25271520.00,58685355.00,0,0,0,0,0,7922957.00,0,0,0,28004.00,2017047.00,5870750.00,7156.00,0,0,0,0,0,0,0,0,0,0,#DIV/0!,0,0,0,0,0,#DIV/0!,0,0,0,0,0,0,0,0,0,0,0,0,0,0,0,0,0,0,0,0,0,0,0,0,,0,,,0,0,0,0,0,0,0,0,0,0,0,0,0,0,0,0,0,,,,,
08/20/2021,33,LTC,86256075,2474700.00,25271520.00,58509855.00,0,0,0,0,0,7921314.00,0,0,0,27936.00,2016101.00,5870121.00,7156.00,0,0,0,0,0,0,0,0,0,0,#DIV/0!,0,0,0,0,0,#DIV/0!,0,0,0,0,0,0,0,0,0,0,0,0,0,0,0,0,0,0,0,0,0,0,0,0,,0,,,0,0,0,0,0,0,0,0,0,0,0,0,0,0,0,0,0,,,,,
08/19/2021,33,LTC,85894355,2474700.00,25171700.00,58247955.00,0,0,0,0,0,7920115.00,0,0,0,27887.00,2015310.00,5869762.00,7156.00,0,0,0,0,0,0,0,0,0,0,#DIV/0!,0,0,0,0,0,#DIV/0!,0,0,0,0,0,0,0,0,0,0,0,0,0,0,0,0,0,0,0,0,0,0,0,0,,0,,,0,0,0,0,0,0,0,0,0,0,0,0,0,0,0,0,0,,,,,
08/18/2021,33,LTC,83415105,2474700.00,25052700.00,55887705.00,0,0,0,0,0,7919356.00,0,0,0,27870.00,2014824.00,5869506.00,7156.00,0,0,0,0,0,0,0,0,0,0,#DIV/0!,0,0,0,0,0,#DIV/0!,0,0,0,0,0,0,0,0,0,0,0,0,0,0,0,0,0,0,0,0,0,0,0,0,,0,,,0,0,0,0,0,0,0,0,0,0,0,0,0,0,0,0,0,,,,,
08/17/2021,33,LTC,81939115,2474700.00,24325960.00,55138455.00,0,0,0,0,0,7918614.00,0,0,0,27827.00,2014394.00,5869237.00,7156.00,0,0,0,0,0,0,0,0,0,0,#DIV/0!,0,0,0,0,0,#DIV/0!,0,0,0,0,0,0,0,0,0,0,0,0,0,0,0,0,0,0,0,0,0,0,0,0,,0,,,0,0,0,0,0,0,0,0,0,0,0,0,0,0,0,0,0,,,,,
08/16/2021,33,LTC,81374525,2474700.00,23893220.00,55006605.00,0,0,0,0,0,7917391.00,0,0,0,27801.00,2013689.00,5868745.00,7156.00,0,0,0,0,0,0,0,0,0,0,#DIV/0!,0,0,0,0,0,#DIV/0!,0,0,0,0,0,0,0,0,0,0,0,0,0,0,0,0,0,0,0,0,0,0,0,0,,0,,,0,0,0,0,0,0,0,0,0,0,0,0,0,0,0,0,0,,,,,
08/15/2021,33,LTC,81370745,2474700.00,23889440.00,55006605.00,0,0,0,0,0,7916263.00,0,0,0,27798.00,2013394.00,5867915.00,7156.00,0,0,0,0,0,0,0,0,0,0,#DIV/0!,0,0,0,0,0,#DIV/0!,0,0,0,0,0,0,0,0,0,0,0,0,0,0,0,0,0,0,0,0,0,0,0,0,,0,,,0,0,0,0,0,0,0,0,0,0,0,0,0,0,0,0,0,,,,,
08/14/2021,32,LTC,81167745,2474700.00,23686440.00,55006605.00,0,0,0,0,0,7914897.00,0,0,0,27756.00,2012806.00,5867179.00,7156.00,0,0,0,0,0,0,0,0,0,0,#DIV/0!,0,0,0,0,0,#DIV/0!,0,0,0,0,0,0,0,0,0,0,0,0,0,0,0,0,0,0,0,0,0,0,0,0,,0,,,0,0,0,0,0,0,0,0,0,0,0,0,0,0,0,0,0,,,,,
08/13/2021,32,LTC,81005745,2474700.00,23686440.00,54844605.00,0,0,0,0,0,7913740.00,0,0,0,27729.00,2012113.00,5866742.00,7156.00,0,0,0,0,0,0,0,0,0,0,#DIV/0!,0,0,0,0,0,#DIV/0!,0,0,0,0,0,0,0,0,0,0,0,0,0,0,0,0,0,0,0,0,0,0,0,0,,0,,,0,0,0,0,0,0,0,0,0,0,0,0,0,0,0,0,0,,,,,
08/12/2021,32,LTC,80850625,2474700.00,23644720.00,54731205.00,0,0,0,0,0,7912516.00,0,0,0,27655.00,2011314.00,5866391.00,7156.00,0,0,0,0,0,0,0,0,0,0,#DIV/0!,0,0,0,0,0,#DIV/0!,0,0,0,0,0,0,0,0,0,0,0,0,0,0,0,0,0,0,0,0,0,0,0,0,,0,,,0,0,0,0,0,0,0,0,0,0,0,0,0,0,0,0,0,,,,,
08/11/2021,32,LTC,78458965,2474700.00,23586760.00,52397505.00,0,0,0,0,0,7911629.00,0,0,0,27630.00,2010966.00,5865877.00,7156.00,0,0,0,0,0,0,0,0,0,0,#DIV/0!,0,0,0,0,0,#DIV/0!,0,0,0,0,0,0,0,0,0,0,0,0,0,0,0,0,0,0,0,0,0,0,0,0,,0,,,0,0,0,0,0,0,0,0,0,0,0,0,0,0,0,0,0,,,,,
08/10/2021,32,LTC,77558145,2474700.00,22907340.00,52176105.00,0,0,0,0,0,7910933.00,0,0,0,27609.00,2010655.00,5865513.00,7156.00,0,0,0,0,0,0,0,0,0,0,#DIV/0!,0,0,0,0,0,#DIV/0!,0,0,0,0,0,0,0,0,0,0,0,0,0,0,0,0,0,0,0,0,0,0,0,0,,0,,,0,0,0,0,0,0,0,0,0,0,0,0,0,0,0,0,0,,,,,
08/09/2021,32,LTC,77093785,2474700.00,22709380.00,51909705.00,0,0,0,0,0,7910418.00,0,0,0,27544.00,2010242.00,5865476.00,7156.00,0,0,0,0,0,0,0,0,0,0,#DIV/0!,0,0,0,0,0,#DIV/0!,0,0,0,0,0,0,0,0,0,0,0,0,0,0,0,0,0,0,0,0,0,0,0,0,,0,,,0,0,0,0,0,0,0,0,0,0,0,0,0,0,0,0,0,,,,,
08/08/2021,32,LTC,76975765,2474700.00,22591360.00,51909705.00,0,0,0,0,0,7910362.00,0,0,0,27544.00,2010233.00,5865429.00,7156.00,0,0,0,0,0,0,0,0,0,0,#DIV/0!,0,0,0,0,0,#DIV/0!,0,0,0,0,0,0,0,0,0,0,0,0,0,0,0,0,0,0,0,0,0,0,0,0,,0,,,0,0,0,0,0,0,0,0,0,0,0,0,0,0,0,0,0,,,,,
08/07/2021,31,LTC,76951265,2474700.00,22566860.00,51909705.00,0,0,0,0,0,7909322.00,0,0,0,27531.00,2009853.00,5864782.00,7156.00,0,0,0,0,0,0,0,0,0,0,#DIV/0!,0,0,0,0,0,#DIV/0!,0,0,0,0,0,0,0,0,0,0,0,0,0,0,0,0,0,0,0,0,0,0,0,0,,0,,,0,0,0,0,0,0,0,0,0,0,0,0,0,0,0,0,0,,,,,
08/06/2021,31,LTC,76706015,2474700.00,22566860.00,51664455.00,0,0,0,0,0,7908225.00,0,0,0,27499.00,2009153.00,5864417.00,7156.00,0,0,0,0,0,0,0,0,0,0,#DIV/0!,0,0,0,0,0,#DIV/0!,0,0,0,0,0,0,0,0,0,0,0,0,0,0,0,0,0,0,0,0,0,0,0,0,,0,,,0,0,0,0,0,0,0,0,0,0,0,0,0,0,0,0,0,,,,,
08/05/2021,31,LTC,75369335,2474700.00,22430780.00,50463855.00,0,0,0,0,0,7907360.00,0,0,0,27459.00,2008529.00,5864216.00,7156.00,0,0,0,0,0,0,0,0,0,0,#DIV/0!,0,0,0,0,0,#DIV/0!,0,0,0,0,0,0,0,0,0,0,0,0,0,0,0,0,0,0,0,0,0,0,0,0,,0,,,0,0,0,0,0,0,0,0,0,0,0,0,0,0,0,0,0,,,,,
08/04/2021,31,LTC,74520695,2474700.00,22366940.00,49679055.00,0,0,0,0,0,7906639.00,0,0,0,27404.00,2008103.00,5863976.00,7156.00,0,0,0,0,0,0,0,0,0,0,#DIV/0!,0,0,0,0,0,#DIV/0!,0,0,0,0,0,0,0,0,0,0,0,0,0,0,0,0,0,0,0,0,0,0,0,0,,0,,,0,0,0,0,0,0,0,0,0,0,0,0,0,0,0,0,0,,,,,
08/03/2021,31,LTC,74074745,2474700.00,22102340.00,49497705.00,0,0,0,0,0,7905584.00,0,0,0,27379.00,2007735.00,5863314.00,7156.00,0,0,0,0,0,0,0,0,0,0,#DIV/0!,0,0,0,0,0,#DIV/0!,0,0,0,0,0,0,0,0,0,0,0,0,0,0,0,0,0,0,0,0,0,0,0,0,,0,,,0,0,0,0,0,0,0,0,0,0,0,0,0,0,0,0,0,,,,,
08/02/2021,31,LTC,73784115,2474700.00,21891360.00,49418055.00,0,0,0,0,0,7904885.00,0,0,0,27352.00,2007252.00,5863125.00,7156.00,0,0,0,0,0,0,0,0,0,0,#DIV/0!,0,0,0,0,0,#DIV/0!,0,0,0,0,0,0,0,0,0,0,0,0,0,0,0,0,0,0,0,0,0,0,0,0,,0,,,0,0,0,0,0,0,0,0,0,0,0,0,0,0,0,0,0,,,,,
08/01/2021,31,LTC,73784115,2474700.00,21891360.00,49418055.00,0,0,0,0,0,7903720.00,0,0,0,27348.00,2006888.00,5862328.00,7156.00,0,0,0,0,0,0,0,0,0,0,#DIV/0!,0,0,0,0,0,#DIV/0!,0,0,0,0,0,0,0,0,0,0,0,0,0,0,0,0,0,0,0,0,0,0,0,0,,0,,,0,0,0,0,0,0,0,0,0,0,0,0,0,0,0,0,0,,,,,
07/31/2021,30,LTC,73687935,2474700.00,21795180.00,49418055.00,0,0,0,0,0,7903364.00,0,0,0,27338.00,2006740.00,5862130.00,7156.00,0,0,0,0,0,0,0,0,0,0,#DIV/0!,0,0,0,0,0,#DIV/0!,0,0,0,0,0,0,0,0,0,0,0,0,0,0,0,0,0,0,0,0,0,0,0,0,,0,,,0,0,0,0,0,0,0,0,0,0,0,0,0,0,0,0,0,,,,,
07/30/2021,30,LTC,73588485,2474700.00,21795180.00,49318605.00,0,0,0,0,0,7902421.00,0,0,0,27243.00,2006133.00,5861889.00,7156.00,0,0,0,0,0,0,0,0,0,0,#DIV/0!,0,0,0,0,0,#DIV/0!,0,0,0,0,0,0,0,0,0,0,0,0,0,0,0,0,0,0,0,0,0,0,0,0,,0,,,0,0,0,0,0,0,0,0,0,0,0,0,0,0,0,0,0,,,,,
07/29/2021,30,LTC,72937165,2474700.00,21782860.00,48679605.00,0,0,0,0,0,7901590.00,0,0,0,27188.00,2005566.00,5861680.00,7156.00,0,0,0,0,0,0,0,0,0,0,#DIV/0!,0,0,0,0,0,#DIV/0!,0,0,0,0,0,0,0,0,0,0,0,0,0,0,0,0,0,0,0,0,0,0,0,0,,0,,,0,0,0,0,0,0,0,0,0,0,0,0,0,0,0,0,0,,,,,
07/28/2021,30,LTC,71726025,2474700.00,21719220.00,47532105.00,0,0,0,0,0,7900576.00,0,0,0,27145.00,2004937.00,5861338.00,7156.00,0,0,0,0,0,0,0,0,0,0,#DIV/0!,0,0,0,0,0,#DIV/0!,0,0,0,0,0,0,0,0,0,0,0,0,0,0,0,0,0,0,0,0,0,0,0,0,,0,,,0,0,0,0,0,0,0,0,0,0,0,0,0,0,0,0,0,,,,,
07/27/2021,30,LTC,70749775,2474700.00,21349120.00,46925955.00,0,0,0,0,0,7899824.00,0,0,0,27099.00,2004600.00,5860969.00,7156.00,0,0,0,0,0,0,0,0,0,0,#DIV/0!,0,0,0,0,0,#DIV/0!,0,0,0,0,0,0,0,0,0,0,0,0,0,0,0,0,0,0,0,0,0,0,0,0,,0,,,0,0,0,0,0,0,0,0,0,0,0,0,0,0,0,0,0,,,,,
07/26/2021,30,LTC,70477975,2474700.00,21218620.00,46784655.00,0,0,0,0,0,7899122.00,0,0,0,27072.00,2004194.00,5860700.00,7156.00,0,0,0,0,0,0,0,0,0,0,#DIV/0!,0,0,0,0,0,#DIV/0!,0,0,0,0,0,0,0,0,0,0,0,0,0,0,0,0,0,0,0,0,0,0,0,0,,0,,,0,0,0,0,0,0,0,0,0,0,0,0,0,0,0,0,0,,,,,
07/25/2021,30,LTC,70461595,2474700.00,21202240.00,46784655.00,0,0,0,0,0,7899061.00,0,0,0,27071.00,2004183.00,5860651.00,7156.00,0,0,0,0,0,0,0,0,0,0,#DIV/0!,0,0,0,0,0,#DIV/0!,0,0,0,0,0,0,0,0,0,0,0,0,0,0,0,0,0,0,0,0,0,0,0,0,,0,,,0,0,0,0,0,0,0,0,0,0,0,0,0,0,0,0,0,,,,,
07/24/2021,29,LTC,70275815,2474700.00,21016460.00,46784655.00,0,0,0,0,0,7897367.00,0,0,0,27043.00,2003431.00,5859737.00,7156.00,0,0,0,0,0,0,0,0,0,0,#DIV/0!,0,0,0,0,0,#DIV/0!,0,0,0,0,0,0,0,0,0,0,0,0,0,0,0,0,0,0,0,0,0,0,0,0,,0,,,0,0,0,0,0,0,0,0,0,0,0,0,0,0,0,0,0,,,,,
07/23/2021,29,LTC,69986915,2474700.00,21016460.00,46495755.00,0,0,0,0,0,7895457.00,0,0,0,26987.00,2002619.00,5858695.00,7156.00,0,0,0,0,0,0,0,0,0,0,#DIV/0!,0,0,0,0,0,#DIV/0!,0,0,0,0,0,0,0,0,0,0,0,0,0,0,0,0,0,0,0,0,0,0,0,0,,0,,,0,0,0,0,0,0,0,0,0,0,0,0,0,0,0,0,0,,,,,
07/22/2021,29,LTC,69763055,2474700.00,20845700.00,46442655.00,0,0,0,0,0,7908564.00,0,0,0,26789.00,2006331.00,5868227.00,7217.00,0,0,0,0,0,0,0,0,0,0,#DIV/0!,0,0,0,0,0,#DIV/0!,0,0,0,0,0,0,0,0,0,0,0,0,0,0,0,0,0,0,0,0,0,0,0,0,,0,,,0,0,0,0,0,0,0,0,0,0,0,0,0,0,0,0,0,,,,,
07/21/2021,29,LTC,68370465,2474700.00,20498460.00,45397305.00,0,0,0,0,0,7907929.00,0,0,0,26596.00,2006069.00,5868047.00,7217.00,0,0,0,0,0,0,0,0,0,0,#DIV/0!,0,0,0,0,0,#DIV/0!,0,0,0,0,0,0,0,0,0,0,0,0,0,0,0,0,0,0,0,0,0,0,0,0,,0,,,0,0,0,0,0,0,0,0,0,0,0,0,0,0,0,0,0,,,,,
07/20/2021,29,LTC,67928105,2474700.00,20154200.00,45299205.00,0,0,0,0,0,7906741.00,0,0,0,26497.00,2005763.00,5867264.00,7217.00,0,0,0,0,0,0,0,0,0,0,#DIV/0!,0,0,0,0,0,#DIV/0!,0,0,0,0,0,0,0,0,0,0,0,0,0,0,0,0,0,0,0,0,0,0,0,0,,0,,,0,0,0,0,0,0,0,0,0,0,0,0,0,0,0,0,0,,,,,
07/19/2021,29,LTC,67316475,2474700.00,19858920.00,44982855.00,0,0,0,0,0,7906227.00,0,0,0,26103.00,2005716.00,5867191.00,7217.00,0,0,0,0,0,0,0,0,0,0,#DIV/0!,0,0,0,0,0,#DIV/0!,0,0,0,0,0,0,0,0,0,0,0,0,0,0,0,0,0,0,0,0,0,0,0,0,,0,,,0,0,0,0,0,0,0,0,0,0,0,0,0,0,0,0,0,,,,,
07/18/2021,29,LTC,67190595,2474700.00,19808640.00,44907255.00,0,0,0,0,0,7905745.00,0,0,0,26097.00,2005604.00,5866827.00,7217.00,0,0,0,0,0,0,0,0,0,0,#DIV/0!,0,0,0,0,0,#DIV/0!,0,0,0,0,0,0,0,0,0,0,0,0,0,0,0,0,0,0,0,0,0,0,0,0,,0,,,0,0,0,0,0,0,0,0,0,0,0,0,0,0,0,0,0,,,,,
07/17/2021,28,LTC,67190595,2474700.00,19808640.00,44907255.00,0,0,0,0,0,7904474.00,0,0,0,26060.00,2005046.00,5866151.00,7217.00,0,0,0,0,0,0,0,0,0,0,#DIV/0!,0,0,0,0,0,#DIV/0!,0,0,0,0,0,0,0,0,0,0,0,0,0,0,0,0,0,0,0,0,0,0,0,0,,0,,,0,0,0,0,0,0,0,0,0,0,0,0,0,0,0,0,0,,,,,
07/16/2021,28,LTC,67179345,2474700.00,19808640.00,44896005.00,0,0,0,0,0,7903603.00,0,0,0,25717.00,2004749.00,5865920.00,7217.00,0,0,0,0,0,0,0,0,0,0,#DIV/0!,0,0,0,0,0,#DIV/0!,0,0,0,0,0,0,0,0,0,0,0,0,0,0,0,0,0,0,0,0,0,0,0,0,,0,,,0,0,0,0,0,0,0,0,0,0,0,0,0,0,0,0,0,,,,,
07/15/2021,28,LTC,66764615,2474700.00,19782260.00,44507655.00,0,0,0,0,0,7902631.00,0,0,0,25218.00,2004447.00,5865749.00,7217.00,0,0,0,0,0,0,0,0,0,0,#DIV/0!,0,0,0,0,0,#DIV/0!,0,0,0,0,0,0,0,0,0,0,0,0,0,0,0,0,0,0,0,0,0,0,0,0,,0,,,0,0,0,0,0,0,0,0,0,0,0,0,0,0,0,0,0,,,,,
07/14/2021,28,LTC,66482685,2474700.00,19579980.00,44428005.00,0,0,0,0,0,7901712.00,0,0,0,25023.00,2003941.00,5865531.00,7217.00,0,0,0,0,0,0,0,0,0,0,#DIV/0!,0,0,0,0,0,#DIV/0!,0,0,0,0,0,0,0,0,0,0,0,0,0,0,0,0,0,0,0,0,0,0,0,0,,0,,,0,0,0,0,0,0,0,0,0,0,0,0,0,0,0,0,0,,,,,
07/13/2021,28,LTC,66409995,2474700.00,19536540.00,44398755.00,0,0,0,0,0,7901183.00,0,0,0,24966.00,2003814.00,5865186.00,7217.00,0,0,0,0,0,0,0,0,0,0,#DIV/0!,0,0,0,0,0,#DIV/0!,0,0,0,0,0,0,0,0,0,0,0,0,0,0,0,0,0,0,0,0,0,0,0,0,,0,,,0,0,0,0,0,0,0,0,0,0,0,0,0,0,0,0,0,,,,,
07/12/2021,28,LTC,66244245,2474700.00,19399140.00,44370405.00,0,0,0,0,0,7900649.00,0,0,0,24599.00,2003771.00,5865062.00,7217.00,0,0,0,0,0,0,0,0,0,0,#DIV/0!,0,0,0,0,0,#DIV/0!,0,0,0,0,0,0,0,0,0,0,0,0,0,0,0,0,0,0,0,0,0,0,0,0,,0,,,0,0,0,0,0,0,0,0,0,0,0,0,0,0,0,0,0,,,,,
07/11/2021,28,LTC,66243965,2474700.00,19398860.00,44370405.00,0,0,0,0,0,7899665.00,0,0,0,24590.00,2003301.00,5864557.00,7217.00,0,0,0,0,0,0,0,0,0,0,#DIV/0!,0,0,0,0,0,#DIV/0!,0,0,0,0,0,0,0,0,0,0,0,0,0,0,0,0,0,0,0,0,0,0,0,0,,0,,,0,0,0,0,0,0,0,0,0,0,0,0,0,0,0,0,0,,,,,
07/10/2021,27,LTC,66214225,2474700.00,19370920.00,44368605.00,0,0,0,0,0,7899099.00,0,0,0,24541.00,2003011.00,5864330.00,7217.00,0,0,0,0,0,0,0,0,0,0,#DIV/0!,0,0,0,0,0,#DIV/0!,0,0,0,0,0,0,0,0,0,0,0,0,0,0,0,0,0,0,0,0,0,0,0,0,,0,,,0,0,0,0,0,0,0,0,0,0,0,0,0,0,0,0,0,,,,,
07/09/2021,27,LTC,66092275,2474700.00,19370920.00,44246655.00,0,0,0,0,0,7897998.00,0,0,0,24227.00,2002641.00,5863913.00,7217.00,0,0,0,0,0,0,0,0,0,0,#DIV/0!,0,0,0,0,0,#DIV/0!,0,0,0,0,0,0,0,0,0,0,0,0,0,0,0,0,0,0,0,0,0,0,0,0,,0,,,0,0,0,0,0,0,0,0,0,0,0,0,0,0,0,0,0,,,,,
07/08/2021,27,LTC,65571285,2474700.00,19337280.00,43759305.00,0,0,0,0,0,7896704.00,0,0,0,23893.00,2002358.00,5863236.00,7217.00,0,0,0,0,0,0,0,0,0,0,#DIV/0!,0,0,0,0,0,#DIV/0!,0,0,0,0,0,0,0,0,0,0,0,0,0,0,0,0,0,0,0,0,0,0,0,0,,0,,,0,0,0,0,0,0,0,0,0,0,0,0,0,0,0,0,0,,,,,
07/07/2021,27,LTC,64786525,2474700.00,19154620.00,43157205.00,0,0,0,0,0,7895359.00,0,0,0,23728.00,2001900.00,5862514.00,7217.00,0,0,0,0,0,0,0,0,0,0,#DIV/0!,0,0,0,0,0,#DIV/0!,0,0,0,0,0,0,0,0,0,0,0,0,0,0,0,0,0,0,0,0,0,0,0,0,,0,,,0,0,0,0,0,0,0,0,0,0,0,0,0,0,0,0,0,,,,,
07/06/2021,27,LTC,64711565,2474700.00,19079660.00,43157205.00,0,0,0,0,0,7894870.00,0,0,0,23364.00,2001825.00,5862464.00,7217.00,0,0,0,0,0,0,0,0,0,0,#DIV/0!,0,0,0,0,0,#DIV/0!,0,0,0,0,0,0,0,0,0,0,0,0,0,0,0,0,0,0,0,0,0,0,0,0,,0,,,0,0,0,0,0,0,0,0,0,0,0,0,0,0,0,0,0,,,,,
07/05/2021,27,LTC,64697985,2474700.00,19066080.00,43157205.00,0,0,0,0,0,7894851.00,0,0,0,23363.00,2001817.00,5862454.00,7217.00,0,0,0,0,0,0,0,0,0,0,#DIV/0!,0,0,0,0,0,#DIV/0!,0,0,0,0,0,0,0,0,0,0,0,0,0,0,0,0,0,0,0,0,0,0,0,0,,0,,,0,0,0,0,0,0,0,0,0,0,0,0,0,0,0,0,0,,,,,
07/04/2021,27,LTC,64697985,2474700.00,19066080.00,43157205.00,0,0,0,0,0,7894817.00,0,0,0,23355.00,2001806.00,5862439.00,7217.00,0,0,0,0,0,0,0,0,0,0,#DIV/0!,0,0,0,0,0,#DIV/0!,0,0,0,0,0,0,0,0,0,0,0,0,0,0,0,0,0,0,0,0,0,0,0,0,,0,,,0,0,0,0,0,0,0,0,0,0,0,0,0,0,0,0,0,,,,,
07/03/2021,26,LTC,64697985,2474700.00,19066080.00,43157205.00,0,0,0,0,0,7893384.00,0,0,0,23285.00,2001125.00,5861757.00,7217.00,0,0,0,0,0,0,0,0,0,0,#DIV/0!,0,0,0,0,0,#DIV/0!,0,0,0,0,0,0,0,0,0,0,0,0,0,0,0,0,0,0,0,0,0,0,0,0,,0,,,0,0,0,0,0,0,0,0,0,0,0,0,0,0,0,0,0,,,,,
07/02/2021,26,LTC,64697985,2474700.00,19066080.00,43157205.00,0,0,0,0,0,7892995.00,0,0,0,22971.00,2001118.00,5861689.00,7217.00,0,0,0,0,0,0,0,0,0,0,#DIV/0!,0,0,0,0,0,#DIV/0!,0,0,0,0,0,0,0,0,0,0,0,0,0,0,0,0,0,0,0,0,0,0,0,0,,0,,,0,0,0,0,0,0,0,0,0,0,0,0,0,0,0,0,0,,,,,
07/01/2021,26,LTC,64690985,2474700.00,19059080.00,43157205.00,0,0,0,0,0,7891385.00,0,0,0,22459.00,2000730.00,5860979.00,7217.00,0,0,0,0,0,0,0,0,0,0,#DIV/0!,0,0,0,0,0,#DIV/0!,0,0,0,0,0,0,0,0,0,0,0,0,0,0,0,0,0,0,0,0,0,0,0,0,,0,,,0,0,0,0,0,0,0,0,0,0,0,0,0,0,0,0,0,,,,,
06/30/2021,26,LTC,64521725,2474700.00,18889820.00,43157205.00,0,0,0,0,0,7890649.00,0,0,0,22234.00,2000538.00,5860660.00,7217.00,0,0,0,0,0,0,0,0,0,0,#DIV/0!,0,0,0,0,0,#DIV/0!,0,0,0,0,0,0,0,0,0,0,0,0,0,0,0,0,0,0,0,0,0,0,0,0,,0,,,0,0,0,0,0,0,0,0,0,0,0,0,0,0,0,0,0,,,,,
06/29/2021,26,LTC,64514145,2474700.00,18882240.00,43157205.00,0,0,0,0,0,7889603.00,0,0,0,22037.00,2000232.00,5860117.00,7217.00,0,0,0,0,0,0,0,0,0,0,#DIV/0!,0,0,0,0,0,#DIV/0!,0,0,0,0,0,0,0,0,0,0,0,0,0,0,0,0,0,0,0,0,0,0,0,0,,0,,,0,0,0,0,0,0,0,0,0,0,0,0,0,0,0,0,0,,,,,
06/28/2021,26,LTC,64490165,2474700.00,18858260.00,43157205.00,0,0,0,0,0,7889050.00,0,0,0,21539.00,2000223.00,5860071.00,7217.00,0,0,0,0,0,0,0,0,0,0,#DIV/0!,0,0,0,0,0,#DIV/0!,0,0,0,0,0,0,0,0,0,0,0,0,0,0,0,0,0,0,0,0,0,0,0,0,,0,,,0,0,0,0,0,0,0,0,0,0,0,0,0,0,0,0,0,,,,,
06/27/2021,26,LTC,64490165,2474700.00,18858260.00,43157205.00,0,0,0,0,0,7888986.00,0,0,0,21531.00,2000181.00,5860057.00,7217.00,0,0,0,0,0,0,0,0,0,0,#DIV/0!,0,0,0,0,0,#DIV/0!,0,0,0,0,0,0,0,0,0,0,0,0,0,0,0,0,0,0,0,0,0,0,0,0,,0,,,0,0,0,0,0,0,0,0,0,0,0,0,0,0,0,0,0,,,,,
06/26/2021,25,LTC,64435145,2474700.00,18803240.00,43157205.00,0,0,0,0,0,7887335.00,0,0,0,21462.00,1999312.00,5859344.00,7217.00,0,0,0,0,0,0,0,0,0,0,#DIV/0!,0,0,0,0,0,#DIV/0!,0,0,0,0,0,0,0,0,0,0,0,0,0,0,0,0,0,0,0,0,0,0,0,0,,0,,,0,0,0,0,0,0,0,0,0,0,0,0,0,0,0,0,0,,,,,
06/25/2021,25,LTC,64104035,2474700.00,18803240.00,42826095.00,0,0,0,0,0,7885754.00,0,0,0,20983.00,1998853.00,5858701.00,7217.00,0,0,0,0,0,0,0,0,0,0,#DIV/0!,0,0,0,0,0,#DIV/0!,0,0,0,0,0,0,0,0,0,0,0,0,0,0,0,0,0,0,0,0,0,0,0,0,,0,,,0,0,0,0,0,0,0,0,0,0,0,0,0,0,0,0,0,,,,,
06/24/2021,25,LTC,63616915,2474700.00,18713920.00,42428295.00,0,0,0,0,0,7884473.00,0,0,0,20541.00,1998515.00,5858200.00,7217.00,0,0,0,0,0,0,0,0,0,0,#DIV/0!,0,0,0,0,0,#DIV/0!,0,0,0,0,0,0,0,0,0,0,0,0,0,0,0,0,0,0,0,0,0,0,0,0,,0,,,0,0,0,0,0,0,0,0,0,0,0,0,0,0,0,0,0,,,,,
06/23/2021,25,LTC,62826035,2474700.00,18503360.00,41847975.00,0,0,0,0,0,7882491.00,0,0,0,20174.00,1998035.00,5857065.00,7217.00,0,0,0,0,0,0,0,0,0,0,#DIV/0!,0,0,0,0,0,#DIV/0!,0,0,0,0,0,0,0,0,0,0,0,0,0,0,0,0,0,0,0,0,0,0,0,0,,0,,,0,0,0,0,0,0,0,0,0,0,0,0,0,0,0,0,0,,,,,
06/22/2021,25,LTC,62772565,2474700.00,18495520.00,41802345.00,0,0,0,0,0,7880605.00,0,0,0,19943.00,1997440.00,5856005.00,7217.00,0,0,0,0,0,0,0,0,0,0,#DIV/0!,0,0,0,0,0,#DIV/0!,0,0,0,0,0,0,0,0,0,0,0,0,0,0,0,0,0,0,0,0,0,0,0,0,,0,,,0,0,0,0,0,0,0,0,0,0,0,0,0,0,0,0,0,,,,,
06/21/2021,25,LTC,62485715,2474700.00,18308120.00,41702895.00,0,0,0,0,0,7880122.00,0,0,0,19572.00,1997342.00,5855991.00,7217.00,0,0,0,0,0,0,0,0,0,0,#DIV/0!,0,0,0,0,0,#DIV/0!,0,0,0,0,0,0,0,0,0,0,0,0,0,0,0,0,0,0,0,0,0,0,0,0,,0,,,0,0,0,0,0,0,0,0,0,0,0,0,0,0,0,0,0,,,,,
06/20/2021,25,LTC,62485715,2474700.00,18308120.00,41702895.00,0,0,0,0,0,7874057.00,0,0,0,19514.00,1996761.00,5850565.00,7217.00,0,0,0,0,0,0,0,0,0,0,#DIV/0!,0,0,0,0,0,#DIV/0!,0,0,0,0,0,0,0,0,0,0,0,0,0,0,0,0,0,0,0,0,0,0,0,0,,0,,,0,0,0,0,0,0,0,0,0,0,0,0,0,0,0,0,0,,,,,
06/19/2021,24,LTC,62465395,2474700.00,18287800.00,41702895.00,0,0,0,0,0,7873484.00,0,0,0,19414.00,1996557.00,5850296.00,7217.00,0,0,0,0,0,0,0,0,0,0,#DIV/0!,0,0,0,0,0,#DIV/0!,0,0,0,0,0,0,0,0,0,0,0,0,0,0,0,0,0,0,0,0,0,0,0,0,,0,,,0,0,0,0,0,0,0,0,0,0,0,0,0,0,0,0,0,,,,,
06/18/2021,24,LTC,62405725,2474700.00,18287800.00,41643225.00,0,0,0,0,0,7871635.00,0,0,0,18739.00,1996034.00,5849645.00,7217.00,0,0,0,0,0,0,0,0,0,0,#DIV/0!,0,0,0,0,0,#DIV/0!,0,0,0,0,0,0,0,0,0,0,0,0,0,0,0,0,0,0,0,0,0,0,0,0,,0,,,0,0,0,0,0,0,0,0,0,0,0,0,0,0,0,0,0,,,,,
06/17/2021,24,LTC,62379685,2474700.00,18273460.00,41631525.00,0,0,0,0,0,7869894.00,0,0,0,18221.00,1995426.00,5849030.00,7217.00,0,0,0,0,0,0,0,0,0,0,#DIV/0!,0,0,0,0,0,#DIV/0!,0,0,0,0,0,0,0,0,0,0,0,0,0,0,0,0,0,0,0,0,0,0,0,0,,0,,,0,0,0,0,0,0,0,0,0,0,0,0,0,0,0,0,0,,,,,
06/16/2021,24,LTC,61656565,2474700.00,18186820.00,40995045.00,0,0,0,0,0,7866449.00,0,0,0,17548.00,1994515.00,5847169.00,7217.00,0,0,0,0,0,0,0,0,0,0,#DIV/0!,0,0,0,0,0,#DIV/0!,0,0,0,0,0,0,0,0,0,0,0,0,0,0,0,0,0,0,0,0,0,0,0,0,,0,,,0,0,0,0,0,0,0,0,0,0,0,0,0,0,0,0,0,,,,,
06/15/2021,24,LTC,61307105,2474700.00,18169640.00,40662765.00,0,0,0,0,0,7866376.00,0,0,0,17547.00,1994500.00,5847112.00,7217.00,0,0,0,0,0,0,0,0,0,0,#DIV/0!,0,0,0,0,0,#DIV/0!,0,0,0,0,0,0,0,0,0,0,0,0,0,0,0,0,0,0,0,0,0,0,0,0,,0,,,0,0,0,0,0,0,0,0,0,0,0,0,0,0,0,0,0,,,,,
06/14/2021,24,LTC,61244095,2474700.00,18159280.00,40610115.00,0,0,0,0,0,7864363.00,0,0,0,16913.00,1994226.00,5846007.00,7217.00,0,0,0,0,0,0,0,0,0,0,#DIV/0!,0,0,0,0,0,#DIV/0!,0,0,0,0,0,0,0,0,0,0,0,0,0,0,0,0,0,0,0,0,0,0,0,0,,0,,,0,0,0,0,0,0,0,0,0,0,0,0,0,0,0,0,0,,,,,
06/13/2021,24,LTC,61183255,2474700.00,18159280.00,40549275.00,0,0,0,0,0,7863667.00,0,0,0,16835.00,1993942.00,5845673.00,7217.00,0,0,0,0,0,0,0,0,0,0,#DIV/0!,0,0,0,0,0,#DIV/0!,0,0,0,0,0,0,0,0,0,0,0,0,0,0,0,0,0,0,0,0,0,0,0,0,,0,,,0,0,0,0,0,0,0,0,0,0,0,0,0,0,0,0,0,,,,,
06/12/2021,23,LTC,61159315,2474700.00,18135340.00,40549275.00,0,0,0,0,0,7861513.00,0,0,0,16307.00,1993393.00,5844596.00,7217.00,0,0,0,0,0,0,0,0,0,0,#DIV/0!,0,0,0,0,0,#DIV/0!,0,0,0,0,0,0,0,0,0,0,0,0,0,0,0,0,0,0,0,0,0,0,0,0,,0,,,0,0,0,0,0,0,0,0,0,0,0,0,0,0,0,0,0,,,,,
06/11/2021,23,LTC,61116025,2474700.00,18135340.00,40505985.00,0,0,0,0,0,7859272.00,0,0,0,15766.00,1992963.00,5843326.00,7217.00,0,0,0,0,0,0,0,0,0,0,#DIV/0!,0,0,0,0,0,#DIV/0!,0,0,0,0,0,0,0,0,0,0,0,0,0,0,0,0,0,0,0,0,0,0,0,0,,0,,,0,0,0,0,0,0,0,0,0,0,0,0,0,0,0,0,0,,,,,
06/10/2021,23,LTC,60615635,2474700.00,18129860.00,40011075.00,0,0,0,0,0,7857546.00,0,0,0,15500.00,1992399.00,5842430.00,7217.00,0,0,0,0,0,0,0,0,0,0,#DIV/0!,0,0,0,0,0,#DIV/0!,0,0,0,0,0,0,0,0,0,0,0,0,0,0,0,0,0,0,0,0,0,0,0,0,,0,,,0,0,0,0,0,0,0,0,0,0,0,0,0,0,0,0,0,,,,,
06/09/2021,23,LTC,60406665,2475000.00,18029400.00,39902265.00,0,0,0,0,0,7856576.00,0,0,0,15057.00,1992205.00,5842097.00,7217.00,0,0,0,0,0,0,0,0,0,0,#DIV/0!,0,0,0,0,0,#DIV/0!,0,0,0,0,0,0,0,0,0,0,0,0,0,0,0,0,0,0,0,0,0,0,0,0,,0,,,0,0,0,0,0,0,0,0,0,0,0,0,0,0,0,0,0,,,,,
06/08/2021,23,LTC,60328095,2475000.00,17987100.00,39865995.00,0,0,0,0,0,7856199.00,0,0,0,15022.00,1991996.00,5841964.00,7217.00,0,0,0,0,0,0,0,0,0,0,#DIV/0!,0,0,0,0,0,#DIV/0!,0,0,0,0,0,0,0,0,0,0,0,0,0,0,0,0,0,0,0,0,0,0,0,0,,0,,,0,0,0,0,0,0,0,0,0,0,0,0,0,0,0,0,0,,,,,
06/07/2021,23,LTC,60260735,2475000.00,17973560.00,39812175.00,0,0,0,0,0,7856184.00,0,0,0,15022.00,1991993.00,5841952.00,7217.00,0,0,0,0,0,0,0,0,0,0,#DIV/0!,0,0,0,0,0,#DIV/0!,0,0,0,0,0,0,0,0,0,0,0,0,0,0,0,0,0,0,0,0,0,0,0,0,,0,,,0,0,0,0,0,0,0,0,0,0,0,0,0,0,0,0,0,,,,,
06/06/2021,23,LTC,60252545,2475000.00,17973560.00,39803985.00,0,0,0,0,0,7855618.00,0,0,0,15000.00,1991868.00,5841533.00,7217.00,0,0,0,0,0,0,0,0,0,0,#DIV/0!,0,0,0,0,0,#DIV/0!,0,0,0,0,0,0,0,0,0,0,0,0,0,0,0,0,0,0,0,0,0,0,0,0,,0,,,0,0,0,0,0,0,0,0,0,0,0,0,0,0,0,0,0,,,,,
06/05/2021,22,LTC,60157925,2475000.00,17878940.00,39803985.00,0,0,0,0,0,7852268.00,0,0,0,14606.00,1991037.00,5839408.00,7217.00,0,0,0,0,0,0,0,0,0,0,#DIV/0!,0,0,0,0,0,#DIV/0!,0,0,0,0,0,0,0,0,0,0,0,0,0,0,0,0,0,0,0,0,0,0,0,0,,0,,,0,0,0,0,0,0,0,0,0,0,0,0,0,0,0,0,0,,,,,
06/04/2021,22,LTC,60114635,2475000.00,17878940.00,39760695.00,0,0,0,0,0,7849897.00,0,0,0,14174.00,1990122.00,5838384.00,7217.00,0,0,0,0,0,0,0,0,0,0,#DIV/0!,0,0,0,0,0,#DIV/0!,0,0,0,0,0,0,0,0,0,0,0,0,0,0,0,0,0,0,0,0,0,0,0,0,,0,,,0,0,0,0,0,0,0,0,0,0,0,0,0,0,0,0,0,,,,,
06/03/2021,22,LTC,59708305,2474000.00,17870240.00,39364065.00,0,0,0,0,0,7849459.00,0,0,0,13800.00,1990112.00,5838330.00,7217.00,0,0,0,0,0,0,0,0,0,0,#DIV/0!,0,0,0,0,0,#DIV/0!,0,0,0,0,0,0,0,0,0,0,0,0,0,0,0,0,0,0,0,0,0,0,0,0,,0,,,0,0,0,0,0,0,0,0,0,0,0,0,0,0,0,0,0,,,,,
06/02/2021,22,LTC,58840645,2468600.00,17805920.00,38566125.00,0,0,0,0,0,7848550.00,0,0,0,13545.00,1989774.00,5838014.00,7217.00,0,0,0,0,0,0,0,0,0,0,#DIV/0!,0,0,0,0,0,#DIV/0!,0,0,0,0,0,0,0,0,0,0,0,0,0,0,0,0,0,0,0,0,0,0,0,0,,0,,,0,0,0,0,0,0,0,0,0,0,0,0,0,0,0,0,0,,,,,
06/01/2021,22,LTC,58281785,2437300.00,17292400.00,38552085.00,0,0,0,0,0,7848341.00,0,0,0,13471.00,1989727.00,5837926.00,7217.00,0,0,0,0,0,0,0,0,0,0,#DIV/0!,0,0,0,0,0,#DIV/0!,0,0,0,0,0,0,0,0,0,0,0,0,0,0,0,0,0,0,0,0,0,0,0,0,,0,,,0,0,0,0,0,0,0,0,0,0,0,0,0,0,0,0,0,,,,,
05/31/2021,22,LTC,58219115,2437300.00,17284720.00,38497095.00,0,0,0,0,0,7847882.00,0,0,0,13462.00,1989648.00,5837555.00,7217.00,0,0,0,0,0,0,0,0,0,0,#DIV/0!,0,0,0,0,0,#DIV/0!,0,0,0,0,0,0,0,0,0,0,0,0,0,0,0,0,0,0,0,0,0,0,0,0,,0,,,0,0,0,0,0,0,0,0,0,0,0,0,0,0,0,0,0,,,,,
05/30/2021,22,LTC,58219115,2437300.00,17284720.00,38497095.00,0,0,0,0,0,7847064.00,0,0,0,13159.00,1989392.00,5837296.00,7217.00,0,0,0,0,0,0,0,0,0,0,#DIV/0!,0,0,0,0,0,#DIV/0!,0,0,0,0,0,0,0,0,0,0,0,0,0,0,0,0,0,0,0,0,0,0,0,0,,0,,,0,0,0,0,0,0,0,0,0,0,0,0,0,0,0,0,0,,,,,
05/29/2021,21,LTC,58187525,2437300.00,17284720.00,38465505.00,0,0,0,0,0,7845160.00,0,0,0,13055.00,1988842.00,5836046.00,7217.00,0,0,0,0,0,0,0,0,0,0,#DIV/0!,0,0,0,0,0,#DIV/0!,0,0,0,0,0,0,0,0,0,0,0,0,0,0,0,0,0,0,0,0,0,0,0,0,,0,,,0,0,0,0,0,0,0,0,0,0,0,0,0,0,0,0,0,,,,,
05/28/2021,21,LTC,58110305,2437300.00,17284720.00,38388285.00,0,0,0,0,0,7842676.00,0,0,0,12391.00,1988121.00,5834947.00,7217.00,0,0,0,0,0,0,0,0,0,0,#DIV/0!,0,0,0,0,0,#DIV/0!,0,0,0,0,0,0,0,0,0,0,0,0,0,0,0,0,0,0,0,0,0,0,0,0,,0,,,0,0,0,0,0,0,0,0,0,0,0,0,0,0,0,0,0,,,,,
05/27/2021,21,LTC,57259495,2434400.00,17266340.00,37558755.00,0,0,0,0,0,7840570.00,0,0,0,11825.00,1987450.00,5834078.00,7217.00,0,0,0,0,0,0,0,0,0,0,#DIV/0!,0,0,0,0,0,#DIV/0!,0,0,0,0,0,0,0,0,0,0,0,0,0,0,0,0,0,0,0,0,0,0,0,0,,0,,,0,0,0,0,0,0,0,0,0,0,0,0,0,0,0,0,0,,,,,
05/26/2021,21,LTC,56496715,2417700.00,17112280.00,36966735.00,0,0,0,0,0,7838278.00,0,0,0,11317.00,1986592.00,5833152.00,7217.00,0,0,0,0,0,0,0,0,0,0,#DIV/0!,0,0,0,0,0,#DIV/0!,0,0,0,0,0,0,0,0,0,0,0,0,0,0,0,0,0,0,0,0,0,0,0,0,,0,,,0,0,0,0,0,0,0,0,0,0,0,0,0,0,0,0,0,,,,,
05/25/2021,21,LTC,55329265,2411100.00,16420600.00,36497565.00,0,0,0,0,0,7836063.00,0,0,0,11168.00,1985713.00,5831965.00,7217.00,0,0,0,0,0,0,0,0,0,0,#DIV/0!,0,0,0,0,0,#DIV/0!,0,0,0,0,0,0,0,0,0,0,0,0,0,0,0,0,0,0,0,0,0,0,0,0,,0,,,0,0,0,0,0,0,0,0,0,0,0,0,0,0,0,0,0,,,,,
05/24/2021,21,LTC,55028385,2363400.00,16242300.00,36422685.00,0,0,0,0,0,7840168.00,0,0,0,11363.00,1987400.00,5834188.00,7217.00,0,0,0,0,0,0,0,0,0,0,#DIV/0!,0,0,0,0,0,#DIV/0!,0,0,0,0,0,0,0,0,0,0,0,0,0,0,0,0,0,0,0,0,0,0,0,0,,0,,,0,0,0,0,0,0,0,0,0,0,0,0,0,0,0,0,0,,,,,
05/23/2021,21,LTC,55028385,2363400.00,16242300.00,36422685.00,0,0,0,0,0,7839205.00,0,0,0,11320.00,1986973.00,5833695.00,7217.00,0,0,0,0,0,0,0,0,0,0,#DIV/0!,0,0,0,0,0,#DIV/0!,0,0,0,0,0,0,0,0,0,0,0,0,0,0,0,0,0,0,0,0,0,0,0,0,,0,,,0,0,0,0,0,0,0,0,0,0,0,0,0,0,0,0,0,,,,,
05/22/2021,20,LTC,54991415,2362600.00,16207300.00,36421515.00,0,0,0,0,0,7837408.00,0,0,0,11150.00,1986467.00,5832574.00,7217.00,0,0,0,0,0,0,0,0,0,0,#DIV/0!,0,0,0,0,0,#DIV/0!,0,0,0,0,0,0,0,0,0,0,0,0,0,0,0,0,0,0,0,0,0,0,0,0,,0,,,0,0,0,0,0,0,0,0,0,0,0,0,0,0,0,0,0,,,,,
05/21/2021,20,LTC,54908345,2362600.00,16207300.00,36338445.00,0,0,0,0,0,7834713.00,0,0,0,10593.00,1985660.00,5831243.00,7217.00,0,0,0,0,0,0,0,0,0,0,#DIV/0!,0,0,0,0,0,#DIV/0!,0,0,0,0,0,0,0,0,0,0,0,0,0,0,0,0,0,0,0,0,0,0,0,0,,0,,,0,0,0,0,0,0,0,0,0,0,0,0,0,0,0,0,0,,,,,
05/20/2021,20,LTC,53686115,2361800.00,16187460.00,35136855.00,0,0,0,0,0,7831743.00,0,0,0,10215.00,1984825.00,5829486.00,7217.00,0,0,0,0,0,0,0,0,0,0,#DIV/0!,0,0,0,0,0,#DIV/0!,0,0,0,0,0,0,0,0,0,0,0,0,0,0,0,0,0,0,0,0,0,0,0,0,,0,,,0,0,0,0,0,0,0,0,0,0,0,0,0,0,0,0,0,,,,,
05/19/2021,20,LTC,52132265,2340600.00,15884480.00,33907185.00,0,0,0,0,0,7830205.00,0,0,0,10063.00,1984312.00,5828613.00,7217.00,0,0,0,0,0,0,0,0,0,0,#DIV/0!,0,0,0,0,0,#DIV/0!,0,0,0,0,0,0,0,0,0,0,0,0,0,0,0,0,0,0,0,0,0,0,0,0,,0,,,0,0,0,0,0,0,0,0,0,0,0,0,0,0,0,0,0,,,,,
05/18/2021,20,LTC,50467415,2305300.00,14447980.00,33714135.00,0,0,0,0,0,7828084.00,0,0,0,9880.00,1983896.00,5827091.00,7217.00,0,0,0,0,0,0,0,0,0,0,#DIV/0!,0,0,0,0,0,#DIV/0!,0,0,0,0,0,0,0,0,0,0,0,0,0,0,0,0,0,0,0,0,0,0,0,0,,0,,,0,0,0,0,0,0,0,0,0,0,0,0,0,0,0,0,0,,,,,
05/17/2021,20,LTC,50328965,2273300.00,14342700.00,33712965.00,0,0,0,0,0,7827824.00,0,0,0,9824.00,1983773.00,5827065.00,7162.00,0,0,0,0,0,0,0,0,0,0,#DIV/0!,0,0,0,0,0,#DIV/0!,0,0,0,0,0,0,0,0,0,0,0,0,0,0,0,0,0,0,0,0,0,0,0,0,,0,,,0,0,0,0,0,0,0,0,0,0,0,0,0,0,0,0,0,,,,,
05/16/2021,20,LTC,50224765,2269600.00,14300700.00,33654465.00,0,0,0,0,0,7826181.00,0,0,0,9781.00,1983371.00,5825867.00,7162.00,0,0,0,0,0,0,0,0,0,0,#DIV/0!,0,0,0,0,0,#DIV/0!,0,0,0,0,0,0,0,0,0,0,0,0,0,0,0,0,0,0,0,0,0,0,0,0,,0,,,0,0,0,0,0,0,0,0,0,0,0,0,0,0,0,0,0,,,,,
05/15/2021,19,LTC,50221265,2269500.00,14297300.00,33654465.00,0,0,0,0,0,7824311.00,0,0,0,9595.00,1982824.00,5824730.00,7162.00,0,0,0,0,0,0,0,0,0,0,#DIV/0!,0,0,0,0,0,#DIV/0!,0,0,0,0,0,0,0,0,0,0,0,0,0,0,0,0,0,0,0,0,0,0,0,0,,0,,,0,0,0,0,0,0,0,0,0,0,0,0,0,0,0,0,0,,,,,
05/14/2021,19,LTC,50127665,2269500.00,14297300.00,33560865.00,0,0,0,0,0,7821519.00,0,0,0,9389.00,1981970.00,5823206.00,6954.00,0,0,0,0,0,0,0,0,0,0,#DIV/0!,0,0,0,0,0,#DIV/0!,0,0,0,0,0,0,0,0,0,0,0,0,0,0,0,0,0,0,0,0,0,0,0,0,,0,,,0,0,0,0,0,0,0,0,0,0,0,0,0,0,0,0,0,,,,,
05/13/2021,19,LTC,49825065,2268800.00,14287900.00,33268365.00,0,0,0,0,0,7817918.00,0,0,0,9140.00,1981088.00,5820922.00,6768.00,0,0,0,0,0,0,0,0,0,0,#DIV/0!,0,0,0,0,0,#DIV/0!,0,0,0,0,0,0,0,0,0,0,0,0,0,0,0,0,0,0,0,0,0,0,0,0,,0,,,0,0,0,0,0,0,0,0,0,0,0,0,0,0,0,0,0,,,,,
05/12/2021,19,LTC,47968175,2204500.00,13858360.00,31905315.00,0,0,0,0,0,7815829.00,0,0,0,9013.00,1980457.00,5819717.00,6642.00,0,0,0,0,0,0,0,0,0,0,#DIV/0!,0,0,0,0,0,#DIV/0!,0,0,0,0,0,0,0,0,0,0,0,0,0,0,0,0,0,0,0,0,0,0,0,0,,0,,,0,0,0,0,0,0,0,0,0,0,0,0,0,0,0,0,0,,,,,
05/11/2021,19,LTC,47638815,2200100.00,13722940.00,31715775.00,0,0,0,0,0,7815028.00,0,0,0,8882.00,1980220.00,5819313.00,6613.00,0,0,0,0,0,0,0,0,0,0,#DIV/0!,0,0,0,0,0,#DIV/0!,0,0,0,0,0,0,0,0,0,0,0,0,0,0,0,0,0,0,0,0,0,0,0,0,,0,,,0,0,0,0,0,0,0,0,0,0,0,0,0,0,0,0,0,,,,,
05/10/2021,19,LTC,46551485,2198000.00,13443840.00,30909645.00,0,0,0,0,0,7814408.00,0,0,0,8803.00,1980119.00,5818873.00,6613.00,0,0,0,0,0,0,0,0,0,0,#DIV/0!,0,0,0,0,0,#DIV/0!,0,0,0,0,0,0,0,0,0,0,0,0,0,0,0,0,0,0,0,0,0,0,0,0,,0,,,0,0,0,0,0,0,0,0,0,0,0,0,0,0,0,0,0,,,,,
05/09/2021,19,LTC,46537085,2198000.00,13429440.00,30909645.00,0,0,0,0,0,7813633.00,0,0,0,8691.00,1979880.00,5818449.00,6613.00,0,0,0,0,0,0,0,0,0,0,#DIV/0!,0,0,0,0,0,#DIV/0!,0,0,0,0,0,0,0,0,0,0,0,0,0,0,0,0,0,0,0,0,0,0,0,0,,0,,,0,0,0,0,0,0,0,0,0,0,0,0,0,0,0,0,0,,,,,
05/08/2021,18,LTC,46531045,2194000.00,13427400.00,30909645.00,0,0,0,0,0,7811741.00,0,0,0,8567.00,1979497.00,5817347.00,6330.00,0,0,0,0,0,0,0,0,0,0,#DIV/0!,0,0,0,0,0,#DIV/0!,0,0,0,0,0,0,0,0,0,0,0,0,0,0,0,0,0,0,0,0,0,0,0,0,,0,,,0,0,0,0,0,0,0,0,0,0,0,0,0,0,0,0,0,,,,,
05/07/2021,18,LTC,46449045,2194000.00,13427300.00,30827745.00,0,0,0,0,0,7808441.00,0,0,0,8400.00,1978759.00,5815219.00,6063.00,0,0,0,0,0,0,0,0,0,0,#DIV/0!,0,0,0,0,0,#DIV/0!,0,0,0,0,0,0,0,0,0,0,0,0,0,0,0,0,0,0,0,0,0,0,0,0,,0,,,0,0,0,0,0,0,0,0,0,0,0,0,0,0,0,0,0,,,,,
05/06/2021,18,LTC,46178665,2188700.00,13424300.00,30565665.00,0,0,0,0,0,7805656.00,0,0,0,8190.00,1978059.00,5813380.00,6027.00,0,0,0,0,0,0,0,0,0,0,#DIV/0!,0,0,0,0,0,#DIV/0!,0,0,0,0,0,0,0,0,0,0,0,0,0,0,0,0,0,0,0,0,0,0,0,0,,0,,,0,0,0,0,0,0,0,0,0,0,0,0,0,0,0,0,0,,,,,
05/05/2021,18,LTC,44411845,2181400.00,12795000.00,29435445.00,0,0,0,0,0,7804017.00,0,0,0,8097.00,1977540.00,5812360.00,6020.00,0,0,0,0,0,0,0,0,0,0,#DIV/0!,0,0,0,0,0,#DIV/0!,0,0,0,0,0,0,0,0,0,0,0,0,0,0,0,0,0,0,0,0,0,0,0,0,,0,,,0,0,0,0,0,0,0,0,0,0,0,0,0,0,0,0,0,,,,,
05/04/2021,18,LTC,44087945,2067300.00,12713900.00,29306745.00,0,0,0,0,0,7802685.00,0,0,0,8050.00,1977286.00,5811329.00,6020.00,0,0,0,0,0,0,0,0,0,0,#DIV/0!,0,0,0,0,0,#DIV/0!,0,0,0,0,0,0,0,0,0,0,0,0,0,0,0,0,0,0,0,0,0,0,0,0,,0,,,0,0,0,0,0,0,0,0,0,0,0,0,0,0,0,0,0,,,,,
05/03/2021,18,LTC,43644215,1907900.00,12498600.00,29237715.00,0,0,0,0,0,7802513.00,0,0,0,8018.00,1977238.00,5811237.00,6020.00,0,0,0,0,0,0,0,0,0,0,#DIV/0!,0,0,0,0,0,#DIV/0!,0,0,0,0,0,0,0,0,0,0,0,0,0,0,0,0,0,0,0,0,0,0,0,0,,0,,,0,0,0,0,0,0,0,0,0,0,0,0,0,0,0,0,0,,,,,
05/02/2021,18,LTC,43641015,1907900.00,12495400.00,29237715.00,0,0,0,0,0,7801659.00,0,0,0,7996.00,1976928.00,5810715.00,6020.00,0,0,0,0,0,0,0,0,0,0,#DIV/0!,0,0,0,0,0,#DIV/0!,0,0,0,0,0,0,0,0,0,0,0,0,0,0,0,0,0,0,0,0,0,0,0,0,,0,,,0,0,0,0,0,0,0,0,0,0,0,0,0,0,0,0,0,,,,,
05/01/2021,17,LTC,43606015,1890100.00,12478200.00,29237715.00,0,0,0,0,0,7799933.00,0,0,0,7905.00,1976406.00,5809602.00,6020.00,0,0,0,0,0,0,0,0,0,0,#DIV/0!,0,0,0,0,0,#DIV/0!,0,0,0,0,0,0,0,0,0,0,0,0,0,0,0,0,0,0,0,0,0,0,0,0,,0,,,0,0,0,0,0,0,0,0,0,0,0,0,0,0,0,0,0,,,,,
04/30/2021,17,LTC,43518265,1890100.00,12478200.00,29149965.00,0,0,0,0,0,7797395.00,0,0,0,7673.00,1975691.00,5808011.00,6020.00,0,0,0,0,0,0,0,0,0,0,#DIV/0!,0,0,0,0,0,#DIV/0!,0,0,0,0,0,0,0,0,0,0,0,0,0,0,0,0,0,0,0,0,0,0,0,0,,0,,,0,0,0,0,0,0,0,0,0,0,0,0,0,0,0,0,0,,,,,
04/29/2021,17,LTC,43005245,1662700.00,12468700.00,28873845.00,0,0,0,0,0,7795261.00,0,0,0,7616.00,1974965.00,5806660.00,6020.00,0,0,0,0,0,0,0,0,0,0,#DIV/0!,0,0,0,0,0,#DIV/0!,0,0,0,0,0,0,0,0,0,0,0,0,0,0,0,0,0,0,0,0,0,0,0,0,,0,,,0,0,0,0,0,0,0,0,0,0,0,0,0,0,0,0,0,,,,,
04/28/2021,17,LTC,41227395,1660400.00,11997700.00,27569295.00,0,0,0,0,0,7792814.00,0,0,0,7575.00,1974155.00,5805064.00,6020.00,0,0,0,0,0,0,0,0,0,0,#DIV/0!,0,0,0,0,0,#DIV/0!,0,0,0,0,0,0,0,0,0,0,0,0,0,0,0,0,0,0,0,0,0,0,0,0,,0,,,0,0,0,0,0,0,0,0,0,0,0,0,0,0,0,0,0,,,,,
04/27/2021,17,LTC,40335835,1660200.00,11934700.00,26740935.00,0,0,0,0,0,7791725.00,0,0,0,7575.00,1973854.00,5804276.00,6020.00,0,0,0,0,0,0,0,0,0,0,#DIV/0!,0,0,0,0,0,#DIV/0!,0,0,0,0,0,0,0,0,0,0,0,0,0,0,0,0,0,0,0,0,0,0,0,0,,0,,,0,0,0,0,0,0,0,0,0,0,0,0,0,0,0,0,0,,,,,
04/26/2021,17,LTC,39737945,1658400.00,11428700.00,26650845.00,0,0,0,0,0,7791592.00,0,0,0,7574.00,1973783.00,5804215.00,6020.00,0,0,0,0,0,0,0,0,0,0,#DIV/0!,0,0,0,0,0,#DIV/0!,0,0,0,0,0,0,0,0,0,0,0,0,0,0,0,0,0,0,0,0,0,0,0,0,,0,,,0,0,0,0,0,0,0,0,0,0,0,0,0,0,0,0,0,,,,,
04/25/2021,17,LTC,39737945,1658400.00,11428700.00,26650845.00,0,0,0,0,0,7791490.00,0,0,0,7574.00,1973732.00,5804164.00,6020.00,0,0,0,0,0,0,0,0,0,0,#DIV/0!,0,0,0,0,0,#DIV/0!,0,0,0,0,0,0,0,0,0,0,0,0,0,0,0,0,0,0,0,0,0,0,0,0,,0,,,0,0,0,0,0,0,0,0,0,0,0,0,0,0,0,0,0,,,,,
04/24/2021,16,LTC,39703915,1658300.00,11428700.00,26616915.00,0,0,0,0,0,7789075.00,0,0,0,7573.00,1972969.00,5802513.00,6020.00,0,0,0,0,0,0,0,0,0,0,#DIV/0!,0,0,0,0,0,#DIV/0!,0,0,0,0,0,0,0,0,0,0,0,0,0,0,0,0,0,0,0,0,0,0,0,0,,0,,,0,0,0,0,0,0,0,0,0,0,0,0,0,0,0,0,0,,,,,
04/23/2021,16,LTC,39613825,1658300.00,11428700.00,26526825.00,0,0,0,0,0,7786204.00,0,0,0,7467.00,1971778.00,5800939.00,6020.00,0,0,0,0,0,0,0,0,0,0,#DIV/0!,0,0,0,0,0,#DIV/0!,0,0,0,0,0,0,0,0,0,0,0,0,0,0,0,0,0,0,0,0,0,0,0,0,,0,,,0,0,0,0,0,0,0,0,0,0,0,0,0,0,0,0,0,,,,,
04/22/2021,16,LTC,38800985,1658300.00,11425500.00,25717185.00,0,0,0,0,0,7783990.00,0,0,0,7467.00,1971011.00,5799492.00,6020.00,0,0,0,0,0,0,0,0,0,0,#DIV/0!,0,0,0,0,0,#DIV/0!,0,0,0,0,0,0,0,0,0,0,0,0,0,0,0,0,0,0,0,0,0,0,0,0,,0,,,0,0,0,0,0,0,0,0,0,0,0,0,0,0,0,0,0,,,,,
04/21/2021,16,LTC,35713185,1658300.00,10724500.00,23330385.00,0,0,0,0,0,7782215.00,0,0,0,7389.00,1970404.00,5798402.00,6020.00,0,0,0,0,0,0,0,0,0,0,#DIV/0!,0,0,0,0,0,#DIV/0!,0,0,0,0,0,0,0,0,0,0,0,0,0,0,0,0,0,0,0,0,0,0,0,0,,0,,,0,0,0,0,0,0,0,0,0,0,0,0,0,0,0,0,0,,,,,
04/20/2021,16,LTC,35015335,1658300.00,10079300.00,23277735.00,0,0,0,0,0,7780967.00,0,0,0,7330.00,1970054.00,5797563.00,6020.00,0,0,0,0,0,0,0,0,0,0,#DIV/0!,0,0,0,0,0,#DIV/0!,0,0,0,0,0,0,0,0,0,0,0,0,0,0,0,0,0,0,0,0,0,0,0,0,,0,,,0,0,0,0,0,0,0,0,0,0,0,0,0,0,0,0,0,,,,,
04/19/2021,16,LTC,34859735,1658300.00,10040700.00,23160735.00,0,0,0,0,0,7780750.00,0,0,0,7267.00,1970005.00,5797458.00,6020.00,0,0,0,0,0,0,0,0,0,0,#DIV/0!,0,0,0,0,0,#DIV/0!,0,0,0,0,0,0,0,0,0,0,0,0,0,0,0,0,0,0,0,0,0,0,0,0,,0,,,0,0,0,0,0,0,0,0,0,0,0,0,0,0,0,0,0,,,,,
04/18/2021,16,LTC,34859735,1658300.00,10040700.00,23160735.00,0,0,0,0,0,7779273.00,0,0,0,7165.00,1969775.00,5796313.00,6020.00,0,0,0,0,0,0,0,0,0,0,#DIV/0!,0,0,0,0,0,#DIV/0!,0,0,0,0,0,0,0,0,0,0,0,0,0,0,0,0,0,0,0,0,0,0,0,0,,0,,,0,0,0,0,0,0,0,0,0,0,0,0,0,0,0,0,0,,,,,
04/17/2021,15,LTC,34357795,1658300.00,10032500.00,22666995.00,0,0,0,0,0,7777177.00,0,0,0,6960.00,1969231.00,5794966.00,6020.00,0,0,0,0,0,0,0,0,0,0,#DIV/0!,0,0,0,0,0,#DIV/0!,0,0,0,0,0,0,0,0,0,0,0,0,0,0,0,0,0,0,0,0,0,0,0,0,,0,,,0,0,0,0,0,0,0,0,0,0,0,0,0,0,0,0,0,,,,,
04/16/2021,15,LTC,34178785,1658300.00,10032500.00,22487985.00,0,0,0,0,0,7775182.00,0,0,0,6924.00,1968593.00,5793645.00,6020.00,0,0,0,0,0,0,0,0,0,0,#DIV/0!,0,0,0,0,0,#DIV/0!,0,0,0,0,0,0,0,0,0,0,0,0,0,0,0,0,0,0,0,0,0,0,0,0,,0,,,0,0,0,0,0,0,0,0,0,0,0,0,0,0,0,0,0,,,,,
04/15/2021,15,LTC,32004195,1658300.00,9422200.00,20923695.00,0,0,0,0,0,7771899.00,0,0,0,6720.00,1967735.00,5791424.00,6020.00,0,0,0,0,0,0,0,0,0,0,#DIV/0!,0,0,0,0,0,#DIV/0!,0,0,0,0,0,0,0,0,0,0,0,0,0,0,0,0,0,0,0,0,0,0,0,0,,0,,,0,0,0,0,0,0,0,0,0,0,0,0,0,0,0,0,0,,,,,
04/14/2021,15,LTC,30777645,1658300.00,9301300.00,19818045.00,0,0,0,0,0,7770764.00,0,0,0,6629.00,1967079.00,5791036.00,6020.00,0,0,0,0,0,0,0,0,0,0,#DIV/0!,0,0,0,0,0,#DIV/0!,0,0,0,0,0,0,0,0,0,0,0,0,0,0,0,0,0,0,0,0,0,0,0,0,,0,,,0,0,0,0,0,0,0,0,0,0,0,0,0,0,0,0,0,,,,,
04/13/2021,15,LTC,29690255,1658300.00,8701800.00,19330155.00,0,0,0,0,0,7767308.00,0,0,0,5912.00,1966223.00,5789153.00,6020.00,0,0,0,0,0,0,0,0,0,0,#DIV/0!,0,0,0,0,0,#DIV/0!,0,0,0,0,0,0,0,0,0,0,0,0,0,0,0,0,0,0,0,0,0,0,0,0,,0,,,0,0,0,0,0,0,0,0,0,0,0,0,0,0,0,0,0,,,,,
04/12/2021,15,LTC,29549965,1646500.00,8593200.00,19310265.00,0,0,0,0,0,7766645.00,0,0,0,5855.00,1965943.00,5788827.00,6020.00,0,0,0,0,0,0,0,0,0,0,#DIV/0!,0,0,0,0,0,#DIV/0!,0,0,0,0,0,0,0,0,0,0,0,0,0,0,0,0,0,0,0,0,0,0,0,0,,0,,,0,0,0,0,0,0,0,0,0,0,0,0,0,0,0,0,0,,,,,
04/11/2021,15,LTC,29521455,1634900.00,8591500.00,19295055.00,0,0,0,0,0,7766002.00,0,0,0,5854.00,1965705.00,5788423.00,6020.00,0,0,0,0,0,0,0,0,0,0,#DIV/0!,0,0,0,0,0,#DIV/0!,0,0,0,0,0,0,0,0,0,0,0,0,0,0,0,0,0,0,0,0,0,0,0,0,,0,,,0,0,0,0,0,0,0,0,0,0,0,0,0,0,0,0,0,,,,,
04/10/2021,14,LTC,29364755,1478200.00,8591500.00,19295055.00,0,0,0,0,0,7764006.00,0,0,0,5497.00,1964855.00,5787634.00,6020.00,0,0,0,0,0,0,0,0,0,0,#DIV/0!,0,0,0,0,0,#DIV/0!,0,0,0,0,0,0,0,0,0,0,0,0,0,0,0,0,0,0,0,0,0,0,0,0,,0,,,0,0,0,0,0,0,0,0,0,0,0,0,0,0,0,0,0,,,,,
04/09/2021,14,LTC,29287535,1478200.00,8591500.00,19217835.00,0,0,0,0,0,7759386.00,0,0,0,4411.00,1963432.00,5785523.00,6020.00,0,0,0,0,0,0,0,0,0,0,#DIV/0!,0,0,0,0,0,#DIV/0!,0,0,0,0,0,0,0,0,0,0,0,0,0,0,0,0,0,0,0,0,0,0,0,0,,0,,,0,0,0,0,0,0,0,0,0,0,0,0,0,0,0,0,0,,,,,
04/08/2021,14,LTC,28351935,1179300.00,8574900.00,18597735.00,0,0,0,0,0,7754456.00,0,0,0,3763.00,1962105.00,5782568.00,6020.00,0,0,0,0,0,0,0,0,0,0,#DIV/0!,0,0,0,0,0,#DIV/0!,0,0,0,0,0,0,0,0,0,0,0,0,0,0,0,0,0,0,0,0,0,0,0,0,,0,,,0,0,0,0,0,0,0,0,0,0,0,0,0,0,0,0,0,,,,,
04/07/2021,14,LTC,26425635,880200.00,8211300.00,17334135.00,0,0,0,0,0,7751004.00,0,0,0,3151.00,1960941.00,5780892.00,6020.00,0,0,0,0,0,0,0,0,0,0,#DIV/0!,0,0,0,0,0,#DIV/0!,0,0,0,0,0,0,0,0,0,0,0,0,0,0,0,0,0,0,0,0,0,0,0,0,,0,,,0,0,0,0,0,0,0,0,0,0,0,0,0,0,0,0,0,,,,,
04/06/2021,14,LTC,26076735,879900.00,7874400.00,17322435.00,0,0,0,0,0,7748620.00,0,0,0,3039.00,1959829.00,5779732.00,6020.00,0,0,0,0,0,0,0,0,0,0,#DIV/0!,0,0,0,0,0,#DIV/0!,0,0,0,0,0,0,0,0,0,0,0,0,0,0,0,0,0,0,0,0,0,0,0,0,,0,,,0,0,0,0,0,0,0,0,0,0,0,0,0,0,0,0,0,,,,,
04/05/2021,14,LTC,25998725,864800.00,7826700.00,17307225.00,0,0,0,0,0,7743373.00,0,0,0,2511.00,1957674.00,5777168.00,6020.00,0,0,0,0,0,0,0,0,0,0,#DIV/0!,0,0,0,0,0,#DIV/0!,0,0,0,0,0,0,0,0,0,0,0,0,0,0,0,0,0,0,0,0,0,0,0,0,,0,,,0,0,0,0,0,0,0,0,0,0,0,0,0,0,0,0,0,,,,,
04/04/2021,14,LTC,25996725,862800.00,7826700.00,17307225.00,0,0,0,0,0,7742126.00,0,0,0,2365.00,1957121.00,5776620.00,6020.00,0,0,0,0,0,0,0,0,0,0,#DIV/0!,0,0,0,0,0,#DIV/0!,0,0,0,0,0,0,0,0,0,0,0,0,0,0,0,0,0,0,0,0,0,0,0,0,,0,,,0,0,0,0,0,0,0,0,0,0,0,0,0,0,0,0,0,,,,,
04/03/2021,13,LTC,25619075,856500.00,7823900.00,16938675.00,0,0,0,0,0,7738792.00,0,0,0,2045.00,1955825.00,5774902.00,6020.00,0,0,0,0,0,0,0,0,0,0,#DIV/0!,0,0,0,0,0,#DIV/0!,0,0,0,0,0,0,0,0,0,0,0,0,0,0,0,0,0,0,0,0,0,0,0,0,,0,,,0,0,0,0,0,0,0,0,0,0,0,0,0,0,0,0,0,,,,,
04/02/2021,13,LTC,25287965,856500.00,7823900.00,16607565.00,0,0,0,0,0,7735342.00,0,0,0,1559.00,1954733.00,5773030.00,6020.00,0,0,0,0,0,0,0,0,0,0,#DIV/0!,0,0,0,0,0,#DIV/0!,0,0,0,0,0,0,0,0,0,0,0,0,0,0,0,0,0,0,0,0,0,0,0,0,,0,,,0,0,0,0,0,0,0,0,0,0,0,0,0,0,0,0,0,,,,,
04/01/2021,13,LTC,24458945,856500.00,7820900.00,15781545.00,0,0,0,0,0,7731353.00,0,0,0,1188.00,1953130.00,5771015.00,6020.00,0,0,0,0,0,0,0,0,0,0,#DIV/0!,0,0,0,0,0,#DIV/0!,0,0,0,0,0,0,0,0,0,0,0,0,0,0,0,0,0,0,0,0,0,0,0,0,,0,,,0,0,0,0,0,0,0,0,0,0,0,0,0,0,0,0,0,,,,,
03/31/2021,13,LTC,23158725,667000.00,7629800.00,14861925.00,0,0,0,0,0,7726500.00,0,0,0,986,1951390.00,5768104.00,6020.00,0,0,0,0,0,0,0,0,0,0,#DIV/0!,0,0,0,0,0,#DIV/0!,0,0,0,0,0,0,0,0,0,0,0,0,0,0,0,0,0,0,0,0,0,0,0,0,,0,,,0,0,0,0,0,0,0,0,0,0,0,0,0,0,0,0,0,,,,,
03/30/2021,13,LTC,22387495,481200.00,7090000.00,14816295.00,0,0,0,0,0,7719964.00,0,0,0,914,1949656.00,5763374.00,6020.00,0,0,0,0,0,0,0,0,0,0,#DIV/0!,0,0,0,0,0,#DIV/0!,0,0,0,0,0,0,0,0,0,0,0,0,0,0,0,0,0,0,0,0,0,0,0,0,,0,,,0,0,0,0,0,0,0,0,0,0,0,0,0,0,0,0,0,,,,,
03/29/2021,13,LTC,22279505,470700.00,7082600.00,14726205.00,0,0,0,0,0,7718036.00,0,0,0,910,1949253.00,5761853.00,6020.00,0,0,0,0,0,0,0,0,0,0,#DIV/0!,0,0,0,0,0,#DIV/0!,0,0,0,0,0,0,0,0,0,0,0,0,0,0,0,0,0,0,0,0,0,0,0,0,,0,,,0,0,0,0,0,0,0,0,0,0,0,0,0,0,0,0,0,,,,,
03/28/2021,13,LTC,22261725,470700.00,7069500.00,14721525.00,0,0,0,0,0,7715923.00,0,0,0,865,1948591.00,5760447.00,6020.00,0,0,0,0,0,0,0,0,0,0,#DIV/0!,0,0,0,0,0,#DIV/0!,0,0,0,0,0,0,0,0,0,0,0,0,0,0,0,0,0,0,0,0,0,0,0,0,,0,,,0,0,0,0,0,0,0,0,0,0,0,0,0,0,0,0,0,,,,,
03/27/2021,12,LTC,21768475,464800.00,7044300.00,14259375.00,0,0,0,0,0,7707857.00,0,0,0,617,1944996.00,5756224.00,6020.00,0,0,0,0,0,0,0,0,0,0,#DIV/0!,0,0,0,0,0,#DIV/0!,0,0,0,0,0,0,0,0,0,0,0,0,0,0,0,0,0,0,0,0,0,0,0,0,,0,,,0,0,0,0,0,0,0,0,0,0,0,0,0,0,0,0,0,,,,,
03/26/2021,12,LTC,21711145,464800.00,7044300.00,14202045.00,0,0,0,0,0,7699428.00,0,0,0,446,1941322.00,5751640.00,6020.00,0,0,0,0,0,0,0,0,0,0,#DIV/0!,0,0,0,0,0,#DIV/0!,0,0,0,0,0,0,0,0,0,0,0,0,0,0,0,0,0,0,0,0,0,0,0,0,,0,,,0,0,0,0,0,0,0,0,0,0,0,0,0,0,0,0,0,,,,,
03/25/2021,12,LTC,21223295,464800.00,6854800.00,13903695.00,0,0,0,0,0,7690646.00,0,0,0,171,1937671.00,5746784.00,6020.00,0,0,0,0,0,0,0,0,0,0,#DIV/0!,0,0,0,0,0,#DIV/0!,0,0,0,0,0,0,0,0,0,0,0,0,0,0,0,0,0,0,0,0,0,0,0,0,,0,,,0,0,0,0,0,0,0,0,0,0,0,0,0,0,0,0,0,,,,,
03/24/2021,12,LTC,19650025,454300.00,6673800.00,12521925.00,0,0,0,0,0,7683903.00,0,0,0,135,1934795.00,5742953.00,6020.00,0,0,0,0,0,0,0,0,0,0,#DIV/0!,0,0,0,0,0,#DIV/0!,0,0,0,0,0,0,0,0,0,0,0,0,0,0,0,0,0,0,0,0,0,0,0,0,,0,,,0,0,0,0,0,0,0,0,0,0,0,0,0,0,0,0,0,,,,,
03/23/2021,12,LTC,18869055,442300.00,6034700.00,12392055.00,0,0,0,0,0,7675790.00,0,0,0,132,1931158.00,5738480.00,6020.00,0,0,0,0,0,0,0,0,0,0,#DIV/0!,0,0,0,0,0,#DIV/0!,0,0,0,0,0,0,0,0,0,0,0,0,0,0,0,0,0,0,0,0,0,0,0,0,,0,,,0,0,0,0,0,0,0,0,0,0,0,0,0,0,0,0,0,,,,,
03/22/2021,12,LTC,17827415,433600.00,5495500.00,11898315.00,0,0,0,0,0,7671197.00,0,0,0,131,1930157.00,5734889.00,6020.00,0,0,0,0,0,0,0,0,0,0,#DIV/0!,0,0,0,0,0,#DIV/0!,0,0,0,0,0,0,0,0,0,0,0,0,0,0,0,0,0,0,0,0,0,0,0,0,,0,,,0,0,0,0,0,0,0,0,0,0,0,0,0,0,0,0,0,,,,,
03/21/2021,12,LTC,17724435,428100.00,5461200.00,11835135.00,0,0,0,0,0,7662913.00,0,0,0,128,1928184.00,5728581.00,6020.00,0,0,0,0,0,0,0,0,0,0,#DIV/0!,0,0,0,0,0,#DIV/0!,0,0,0,0,0,0,0,0,0,0,0,0,0,0,0,0,0,0,0,0,0,0,0,0,,0,,,0,0,0,0,0,0,0,0,0,0,0,0,0,0,0,0,0,,,,,
03/20/2021,11,LTC,17681785,427900.00,5459700.00,11794185.00,0,0,0,0,0,7648211.00,0,0,0,115,1922700.00,5719376.00,6020.00,0,0,0,0,0,0,0,0,0,0,#DIV/0!,0,0,0,0,0,#DIV/0!,0,0,0,0,0,0,0,0,0,0,0,0,0,0,0,0,0,0,0,0,0,0,0,0,,0,,,0,0,0,0,0,0,0,0,0,0,0,0,0,0,0,0,0,,,,,
03/19/2021,11,LTC,17624455,427900.00,5459700.00,11736855.00,0,0,0,0,0,7630706.00,0,0,0,114,1915576.00,5708996.00,6020.00,0,0,0,0,0,0,0,0,0,0,#DIV/0!,0,0,0,0,0,#DIV/0!,0,0,0,0,0,0,0,0,0,0,0,0,0,0,0,0,0,0,0,0,0,0,0,0,,0,,,0,0,0,0,0,0,0,0,0,0,0,0,0,0,0,0,0,,,,,
03/18/2021,11,LTC,17151355,427800.00,5454700.00,11268855.00,0,0,0,0,0,7614153.00,0,0,0,109,1907621.00,5700403.00,6020.00,0,0,0,0,0,0,0,0,0,0,#DIV/0!,0,0,0,0,0,#DIV/0!,0,0,0,0,0,0,0,0,0,0,0,0,0,0,0,0,0,0,0,0,0,0,0,0,,0,,,0,0,0,0,0,0,0,0,0,0,0,0,0,0,0,0,0,,,,,
03/17/2021,11,LTC,16292525,416000.00,5273400.00,10603125.00,0,0,0,0,0,7585936.00,0,0,0,106,1898628.00,5681182.00,6020.00,0,0,0,0,0,0,0,0,0,0,#DIV/0!,0,0,0,0,0,#DIV/0!,0,0,0,0,0,0,0,0,0,0,0,0,0,0,0,0,0,0,0,0,0,0,0,0,,0,,,0,0,0,0,0,0,0,0,0,0,0,0,0,0,0,0,0,,,,,
03/16/2021,11,LTC,15646525,405400.00,5024100.00,10217025.00,0,0,0,0,0,7569120.00,0,0,0,100,1891919.00,5671081.00,6020.00,0,0,0,0,0,0,0,0,0,0,#DIV/0!,0,0,0,0,0,#DIV/0!,0,0,0,0,0,0,0,0,0,0,0,0,0,0,0,0,0,0,0,0,0,0,0,0,,0,,,0,0,0,0,0,0,0,0,0,0,0,0,0,0,0,0,0,,,,,
03/15/2021,11,LTC,15574515,405100.00,4991000.00,10178415.00,0,0,0,0,0,7559194.00,0,0,0,97,1889006.00,5664071.00,6020.00,0,0,0,0,0,0,0,0,0,0,#DIV/0!,0,0,0,0,0,#DIV/0!,0,0,0,0,0,0,0,0,0,0,0,0,0,0,0,0,0,0,0,0,0,0,0,0,,0,,,0,0,0,0,0,0,0,0,0,0,0,0,0,0,0,0,0,,,,,
03/14/2021,11,LTC,15503465,405100.00,4984300.00,10114065.00,0,0,0,0,0,7547477.00,0,0,0,95,1885934.00,5655428.00,6020.00,0,0,0,0,0,0,0,0,0,0,#DIV/0!,0,0,0,0,0,#DIV/0!,0,0,0,0,0,0,0,0,0,0,0,0,0,0,0,0,0,0,0,0,0,0,0,0,,0,,,0,0,0,0,0,0,0,0,0,0,0,0,0,0,0,0,0,,,,,
03/13/2021,10,LTC,15484065,402700.00,4967300.00,10114065.00,0,0,0,0,0,7538985.00,0,0,0,87,1882050.00,5650828.00,6020.00,0,0,0,0,0,0,0,0,0,0,#DIV/0!,0,0,0,0,0,#DIV/0!,0,0,0,0,0,0,0,0,0,0,0,0,0,0,0,0,0,0,0,0,0,0,0,0,,0,,,0,0,0,0,0,0,0,0,0,0,0,0,0,0,0,0,0,,,,,
03/12/2021,10,LTC,14983305,402700.00,4967300.00,9613305.00,0,0,0,0,0,7499822.00,0,0,0,80,1865172.00,5628550.00,6020.00,0,0,0,0,0,0,0,0,0,0,#DIV/0!,0,0,0,0,0,#DIV/0!,0,0,0,0,0,0,0,0,0,0,0,0,0,0,0,0,0,0,0,0,0,0,0,0,,0,,,0,0,0,0,0,0,0,0,0,0,0,0,0,0,0,0,0,,,,,
03/11/2021,10,LTC,14597515,402700.00,4776900.00,9417915.00,0,0,0,0,0,7473597.00,0,0,0,79,1852720.00,5614778.00,6020.00,0,0,0,0,0,0,0,0,0,0,#DIV/0!,0,0,0,0,0,#DIV/0!,0,0,0,0,0,0,0,0,0,0,0,0,0,0,0,0,0,0,0,0,0,0,0,0,,0,,,0,0,0,0,0,0,0,0,0,0,0,0,0,0,0,0,0,,,,,
03/10/2021,10,LTC,14244895,401400.00,4771900.00,9071595.00,0,0,0,0,0,7445798.00,0,0,0,77,1840103.00,5599598.00,6020.00,0,0,0,0,0,0,0,0,0,0,#DIV/0!,0,0,0,0,0,#DIV/0!,0,0,0,0,0,0,0,0,0,0,0,0,0,0,0,0,0,0,0,0,0,0,0,0,,0,,,0,0,0,0,0,0,0,0,0,0,0,0,0,0,0,0,0,,,,,
03/09/2021,10,LTC,13888065,400400.00,4496800.00,8990865.00,0,0,0,0,0,7419240.00,0,0,0,75,1828292.00,5584853.00,6020.00,0,0,0,0,0,0,0,0,0,0,#DIV/0!,0,0,0,0,0,#DIV/0!,0,0,0,0,0,0,0,0,0,0,0,0,0,0,0,0,0,0,0,0,0,0,0,0,,0,,,0,0,0,0,0,0,0,0,0,0,0,0,0,0,0,0,0,,,,,
03/08/2021,10,LTC,13723635,400200.00,4343100.00,8980335.00,0,0,0,0,0,7405816.00,0,0,0,65,1824798.00,5574933.00,6020.00,0,0,0,0,0,0,0,0,0,0,#DIV/0!,0,0,0,0,0,#DIV/0!,0,0,0,0,0,0,0,0,0,0,0,0,0,0,0,0,0,0,0,0,0,0,0,0,,0,,,0,0,0,0,0,0,0,0,0,0,0,0,0,0,0,0,0,,,,,
03/07/2021,10,LTC,13602655,400200.00,4226800.00,8975655.00,0,0,0,0,0,7389102.00,0,0,0,19,1819788.00,5563275.00,6020.00,0,0,0,0,0,0,0,0,0,0,#DIV/0!,0,0,0,0,0,#DIV/0!,0,0,0,0,0,0,0,0,0,0,0,0,0,0,0,0,0,0,0,0,0,0,0,0,,0,,,0,0,0,0,0,0,0,0,0,0,0,0,0,0,0,0,0,,,,,
03/06/2021,9,LTC,13436495,399800.00,4164000.00,8872695.00,0,0,0,0,0,7349495.00,0,0,0,4,1806739.00,5536732.00,6020.00,0,0,0,0,0,0,0,0,0,0,#DIV/0!,0,0,0,0,0,#DIV/0!,0,0,0,0,0,0,0,0,0,0,0,0,0,0,0,0,0,0,0,0,0,0,0,0,,0,,,0,0,0,0,0,0,0,0,0,0,0,0,0,0,0,0,0,,,,,
03/05/2021,9,LTC,13206005,399800.00,4164000.00,8642205.00,0,0,0,0,0,7306425.00,0,0,0,3,1794041.00,5506361.00,6020.00,0,0,0,0,0,0,0,0,0,0,#DIV/0!,0,0,0,0,0,#DIV/0!,0,0,0,0,0,0,0,0,0,0,0,0,0,0,0,0,0,0,0,0,0,0,0,0,,0,,,0,0,0,0,0,0,0,0,0,0,0,0,0,0,0,0,0,,,,,
03/04/2021,9,LTC,12343045,0,0,0,0,0,0,0,0,7262104.00,0,0,0,0,1778741.00,5477343.00,6020.00,0,0,0,0,0,0,0,0,0,0,#DIV/0!,0,0,0,0,0,#DIV/0!,0,0,0,0,0,0,0,0,0,0,0,0,0,0,0,0,0,0,0,0,0,0,0,0,,0,,,0,0,0,0,0,0,0,0,0,0,0,0,0,0,0,0,0,,,,,
03/03/2021,9,LTC,12196845,0,0,0,0,0,0,0,0,7218655.00,0,0,0,0,1764314.00,5448321.00,6020.00,0,0,0,0,0,0,0,0,0,0,#DIV/0!,0,0,0,0,0,#DIV/0!,0,0,0,0,0,0,0,0,0,0,0,0,0,0,0,0,0,0,0,0,0,0,0,0,,0,,,0,0,0,0,0,0,0,0,0,0,0,0,0,0,0,0,0,,,,,
03/02/2021,9,LTC,11910105,0,0,0,0,0,0,0,0,7178616.00,0,0,0,0,1751663.00,5420933.00,6020.00,0,0,0,0,0,0,0,0,0,0,#DIV/0!,0,0,0,0,0,#DIV/0!,0,0,0,0,0,0,0,0,0,0,0,0,0,0,0,0,0,0,0,0,0,0,0,0,,0,,,0,0,0,0,0,0,0,0,0,0,0,0,0,0,0,0,0,,,,,
03/01/2021,9,LTC,11705785,0,0,0,0,0,0,0,0,7154531.00,0,0,0,0,1747143.00,5401368.00,6020.00,0,0,0,0,0,0,0,0,0,0,#DIV/0!,0,0,0,0,0,#DIV/0!,0,0,0,0,0,0,0,0,0,0,0,0,0,0,0,0,0,0,0,0,0,0,0,0,,0,,,0,0,0,0,0,0,0,0,0,0,0,0,0,0,0,0,0,,,,,
02/28/2021,9,LTC,11665075,0,0,0,0,0,0,0,0,7112537.00,0,0,0,0,1739612.00,5366905.00,6020.00,0,0,0,0,0,0,0,0,0,0,#DIV/0!,0,0,0,0,0,#DIV/0!,0,0,0,0,0,0,0,0,0,0,0,0,0,0,0,0,0,0,0,0,0,0,0,0,,0,,,0,0,0,0,0,0,0,0,0,0,0,0,0,0,0,0,0,,,,,
02/27/2021,8,LTC,11600605,0,0,0,0,0,0,0,0,7043540.00,0,0,0,0,1720928.00,5316592.00,6020.00,0,0,0,0,0,0,0,0,0,0,#DIV/0!,0,0,0,0,0,#DIV/0!,0,0,0,0,0,0,0,0,0,0,0,0,0,0,0,0,0,0,0,0,0,0,0,0,,0,,,0,0,0,0,0,0,0,0,0,0,0,0,0,0,0,0,0,,,,,
02/26/2021,8,LTC,11010925,0,0,0,0,0,0,0,0,6933071.00,0,0,0,0,1688358.00,5238693.00,6020.00,0,0,0,0,0,0,0,0,0,0,#DIV/0!,0,0,0,0,0,#DIV/0!,0,0,0,0,0,0,0,0,0,0,0,0,0,0,0,0,0,0,0,0,0,0,0,0,,0,,,0,0,0,0,0,0,0,0,0,0,0,0,0,0,0,0,0,,,,,
02/25/2021,8,LTC,11009025,0,0,0,0,0,0,0,0,6817460.00,0,0,0,0,1651351.00,5160089.00,6020.00,0,0,0,0,0,0,0,0,0,0,#DIV/0!,0,0,0,0,0,#DIV/0!,0,0,0,0,0,0,0,0,0,0,0,0,0,0,0,0,0,0,0,0,0,0,0,0,,0,,,0,0,0,0,0,0,0,0,0,0,0,0,0,0,0,0,0,,,,,
02/24/2021,8,LTC,10688465,0,0,0,0,0,0,0,0,6724310.00,0,0,0,0,1618241.00,5100049.00,6020.00,0,0,0,0,0,0,0,0,0,0,#DIV/0!,0,0,0,0,0,#DIV/0!,0,0,0,0,0,0,0,0,0,0,0,0,0,0,0,0,0,0,0,0,0,0,0,0,,0,,,0,0,0,0,0,0,0,0,0,0,0,0,0,0,0,0,0,,,,,
02/23/2021,8,LTC,10314665,0,0,0,0,0,0,0,0,6627820.00,0,0,0,0,1586554.00,5035246.00,6020.00,0,0,0,0,0,0,0,0,0,0,#DIV/0!,0,0,0,0,0,#DIV/0!,0,0,0,0,0,0,0,0,0,0,0,0,0,0,0,0,0,0,0,0,0,0,0,0,,0,,,0,0,0,0,0,0,0,0,0,0,0,0,0,0,0,0,0,,,,,
02/22/2021,8,LTC,9772045,0,0,0,0,0,0,0,0,6579236.00,0,0,0,0,1577148.00,4996068.00,6020.00,0,0,0,0,0,0,0,0,0,0,#DIV/0!,0,0,0,0,0,#DIV/0!,0,0,0,0,0,0,0,0,0,0,0,0,0,0,0,0,0,0,0,0,0,0,0,0,,0,,,0,0,0,0,0,0,0,0,0,0,0,0,0,0,0,0,0,,,,,
02/21/2021,8,LTC,9482945,0,0,0,0,0,0,0,0,6519848.00,0,0,0,0,1565729.00,4948099.00,6020.00,0,0,0,0,0,0,0,0,0,0,#DIV/0!,0,0,0,0,0,#DIV/0!,0,0,0,0,0,0,0,0,0,0,0,0,0,0,0,0,0,0,0,0,0,0,0,0,,0,,,0,0,0,0,0,0,0,0,0,0,0,0,0,0,0,0,0,,,,,
02/20/2021,7,LTC,9225305,0,0,0,0,0,0,0,0,6399010.00,0,0,0,0,1523712.00,4869278.00,6020.00,0,0,0,0,0,0,0,0,0,0,#DIV/0!,0,0,0,0,0,#DIV/0!,0,0,0,0,0,0,0,0,0,0,0,0,0,0,0,0,0,0,0,0,0,0,0,0,,0,,,0,0,0,0,0,0,0,0,0,0,0,0,0,0,0,0,0,,,,,
02/19/2021,7,LTC,9225305,0,0,0,0,0,0,0,0,6289188.00,0,0,0,0,1487291.00,4795877.00,6020.00,0,0,0,0,0,0,0,0,0,0,#DIV/0!,0,0,0,0,0,#DIV/0!,0,0,0,0,0,0,0,0,0,0,0,0,0,0,0,0,0,0,0,0,0,0,0,0,,0,,,0,0,0,0,0,0,0,0,0,0,0,0,0,0,0,0,0,,,,,
02/18/2021,7,LTC,9171380,0,0,0,0,0,0,0,0,6181996.00,0,0,0,0,1452956.00,4723020.00,6020.00,0,0,0,0,0,0,0,0,0,0,#DIV/0!,0,0,0,0,0,#DIV/0!,0,0,0,0,0,0,0,0,0,0,0,0,0,0,0,0,0,0,0,0,0,0,0,0,,0,,,0,0,0,0,0,0,0,0,0,0,0,0,0,0,0,0,0,,,,,
02/17/2021,7,LTC,9141155,0,0,0,0,0,0,0,0,6070341.00,0,0,0,0,1419564.00,4644757.00,6020.00,0,0,0,0,0,0,0,0,0,0,#DIV/0!,0,0,0,0,0,#DIV/0!,0,0,0,0,0,0,0,0,0,0,0,0,0,0,0,0,0,0,0,0,0,0,0,0,,0,,,0,0,0,0,0,0,0,0,0,0,0,0,0,0,0,0,0,,,,,
02/16/2021,7,LTC,9131600,0,0,0,0,0,0,0,0,5968542.00,0,0,0,0,1390245.00,4572277.00,6020.00,0,0,0,0,0,0,0,0,0,0,#DIV/0!,0,0,0,0,0,#DIV/0!,0,0,0,0,0,0,0,0,0,0,0,0,0,0,0,0,0,0,0,0,0,0,0,0,,0,,,0,0,0,0,0,0,0,0,0,0,0,0,0,0,0,0,0,,,,,
02/15/2021,7,LTC,9131600,0,0,0,0,0,0,0,0,5914090.00,0,0,0,0,1373659.00,4534411.00,6020.00,0,0,0,0,0,0,0,0,0,0,#DIV/0!,0,0,0,0,0,#DIV/0!,0,0,0,0,0,0,0,0,0,0,0,0,0,0,0,0,0,0,0,0,0,0,0,0,,0,,,0,0,0,0,0,0,0,0,0,0,0,0,0,0,0,0,0,,,,,
02/14/2021,7,LTC,9130200,0,0,0,0,0,0,0,0,5822871.00,0,0,0,0,1344323.00,4472528.00,6020.00,0,0,0,0,0,0,0,0,0,0,#DIV/0!,0,0,0,0,0,#DIV/0!,0,0,0,0,0,0,0,0,0,0,0,0,0,0,0,0,0,0,0,0,0,0,0,0,,0,,,0,0,0,0,0,0,0,0,0,0,0,0,0,0,0,0,0,,,,,
02/13/2021,6,LTC,9082400,0,0,0,0,0,0,0,0,5667091.00,0,0,0,0,1288302.00,4372769.00,6020.00,0,0,0,0,0,0,0,0,0,0,#DIV/0!,0,0,0,0,0,#DIV/0!,0,0,0,0,0,0,0,0,0,0,0,0,0,0,0,0,0,0,0,0,0,0,0,0,,0,,,0,0,0,0,0,0,0,0,0,0,0,0,0,0,0,0,0,,,,,
02/12/2021,6,LTC,9016100,0,0,0,0,0,0,0,0,5507785.00,0,0,0,0,1241809.00,4259956.00,6020.00,0,0,0,0,0,0,0,0,0,0,#DIV/0!,0,0,0,0,0,#DIV/0!,0,0,0,0,0,0,0,0,0,0,0,0,0,0,0,0,0,0,0,0,0,0,0,0,,0,,,0,0,0,0,0,0,0,0,0,0,0,0,0,0,0,0,0,,,,,
02/11/2021,6,LTC,8989100,0,0,0,0,0,0,0,0,5348775.00,0,0,0,0,1194671.00,4148084.00,6020.00,0,0,0,0,0,0,0,0,0,0,#DIV/0!,0,0,0,0,0,#DIV/0!,0,0,0,0,0,0,0,0,0,0,0,0,0,0,0,0,0,0,0,0,0,0,0,0,,0,,,0,0,0,0,0,0,0,0,0,0,0,0,0,0,0,0,0,,,,,
02/10/2021,6,LTC,8881625,0,0,0,0,0,0,0,0,5176499.00,0,0,0,0,1142266.00,4028213.00,6020.00,0,0,0,0,0,0,0,0,0,0,#DIV/0!,0,0,0,0,0,#DIV/0!,0,0,0,0,0,0,0,0,0,0,0,0,0,0,0,0,0,0,0,0,0,0,0,0,,0,,,0,0,0,0,0,0,0,0,0,0,0,0,0,0,0,0,0,,,,,
02/09/2021,6,LTC,8511350,0,0,0,0,0,0,0,0,5015224.00,0,0,0,0,1090388.00,3918816.00,6020.00,0,0,0,0,0,0,0,0,0,0,#DIV/0!,0,0,0,0,0,#DIV/0!,0,0,0,0,0,0,0,0,0,0,0,0,0,0,0,0,0,0,0,0,0,0,0,0,,0,,,0,0,0,0,0,0,0,0,0,0,0,0,0,0,0,0,0,,,,,
02/08/2021,6,LTC,8305350,0,0,0,0,0,0,0,0,4946483.00,0,0,0,0,1077006.00,3863457.00,6020.00,0,0,0,0,0,0,0,0,0,0,#DIV/0!,0,0,0,0,0,#DIV/0!,0,0,0,0,0,0,0,0,0,0,0,0,0,0,0,0,0,0,0,0,0,0,0,0,,0,,,0,0,0,0,0,0,0,0,0,0,0,0,0,0,0,0,0,,,,,
02/07/2021,6,LTC,8270600,0,0,0,0,0,0,0,0,4839144.00,0,0,0,0,1056344.00,3776780.00,6020.00,0,0,0,0,0,0,0,0,0,0,#DIV/0!,0,0,0,0,0,#DIV/0!,0,0,0,0,0,0,0,0,0,0,0,0,0,0,0,0,0,0,0,0,0,0,0,0,,0,,,0,0,0,0,0,0,0,0,0,0,0,0,0,0,0,0,0,,,,,
02/06/2021,5,LTC,8262200,0,0,0,0,0,0,0,0,4628962.00,0,0,0,0,1001617.00,3621325.00,6020.00,0,0,0,0,0,0,0,0,0,0,#DIV/0!,0,0,0,0,0,#DIV/0!,0,0,0,0,0,0,0,0,0,0,0,0,0,0,0,0,0,0,0,0,0,0,0,0,,0,,,0,0,0,0,0,0,0,0,0,0,0,0,0,0,0,0,0,,,,,
02/05/2021,5,LTC,8137400,0,0,0,0,0,0,0,0,4419633.00,0,0,0,0,949832.00,3463781.00,6020.00,0,0,0,0,0,0,0,0,0,0,#DIV/0!,0,0,0,0,0,#DIV/0!,0,0,0,0,0,0,0,0,0,0,0,0,0,0,0,0,0,0,0,0,0,0,0,0,,0,,,0,0,0,0,0,0,0,0,0,0,0,0,0,0,0,0,0,,,,,
02/04/2021,5,LTC,8127975,0,0,0,0,0,0,0,0,4210027.00,0,0,0,0,899183.00,3304824.00,6020.00,0,0,0,0,0,0,0,0,0,0,#DIV/0!,0,0,0,0,0,#DIV/0!,0,0,0,0,0,0,0,0,0,0,0,0,0,0,0,0,0,0,0,0,0,0,0,0,,0,,,0,0,0,0,0,0,0,0,0,0,0,0,0,0,0,0,0,,,,,
02/03/2021,5,LTC,8096875,0,0,0,0,0,0,0,0,4022407.00,0,0,0,0,850668.00,3165719.00,6020.00,0,0,0,0,0,0,0,0,0,0,#DIV/0!,0,0,0,0,0,#DIV/0!,0,0,0,0,0,0,0,0,0,0,0,0,0,0,0,0,0,0,0,0,0,0,0,0,,0,,,0,0,0,0,0,0,0,0,0,0,0,0,0,0,0,0,0,,,,,
02/02/2021,5,LTC,7983750,0,0,0,0,0,0,0,0,3851460.00,0,0,0,0,809606.00,3035834.00,6020.00,0,0,0,0,0,0,0,0,0,0,#DIV/0!,0,0,0,0,0,#DIV/0!,0,0,0,0,0,0,0,0,0,0,0,0,0,0,0,0,0,0,0,0,0,0,0,0,,0,,,0,0,0,0,0,0,0,0,0,0,0,0,0,0,0,0,0,,,,,
02/01/2021,5,LTC,7864800,0,0,0,0,0,0,0,0,3748779.00,0,0,0,0,789758.00,2953001.00,6020.00,0,0,0,0,0,0,0,0,0,0,#DIV/0!,0,0,0,0,0,#DIV/0!,0,0,0,0,0,0,0,0,0,0,0,0,0,0,0,0,0,0,0,0,0,0,0,0,,0,,,0,0,0,0,0,0,0,0,0,0,0,0,0,0,0,0,0,,,,,
01/31/2021,5,LTC,7835775,0,0,0,0,0,0,0,0,3683718.00,0,0,0,0,777286.00,2900412.00,6020.00,0,0,0,0,0,0,0,0,0,0,#DIV/0!,0,0,0,0,0,#DIV/0!,0,0,0,0,0,0,0,0,0,0,0,0,0,0,0,0,0,0,0,0,0,0,0,0,,0,,,0,0,0,0,0,0,0,0,0,0,0,0,0,0,0,0,0,,,,,
01/30/2021,4,LTC,7825875,0,0,0,0,0,0,0,0,3505431.00,0,0,0,0,747577.00,2751834.00,6020.00,0,0,0,0,0,0,0,0,0,0,#DIV/0!,0,0,0,0,0,#DIV/0!,0,0,0,0,0,0,0,0,0,0,0,0,0,0,0,0,0,0,0,0,0,0,0,0,,0,,,0,0,0,0,0,0,0,0,0,0,0,0,0,0,0,0,0,,,,,
01/29/2021,4,LTC,7704000,0,0,0,0,0,0,0,0,3314266.00,0,0,0,0,707927.00,2600319.00,6020.00,0,0,0,0,0,0,0,0,0,0,#DIV/0!,0,0,0,0,0,#DIV/0!,0,0,0,0,0,0,0,0,0,0,0,0,0,0,0,0,0,0,0,0,0,0,0,0,,0,,,0,0,0,0,0,0,0,0,0,0,0,0,0,0,0,0,0,,,,,
01/28/2021,4,LTC,7685100,0,0,0,0,0,0,0,0,3102134.00,0,0,0,0,653120.00,2442994.00,6020.00,0,0,0,0,0,0,0,0,0,0,#DIV/0!,0,0,0,0,0,#DIV/0!,0,0,0,0,0,0,0,0,0,0,0,0,0,0,0,0,0,0,0,0,0,0,0,0,,0,,,0,0,0,0,0,0,0,0,0,0,0,0,0,0,0,0,0,,,,,
01/27/2021,4,LTC,7619700,0,0,0,0,0,0,0,0,2904840.00,0,0,0,0,602290.00,2296530.00,6020.00,0,0,0,0,0,0,0,0,0,0,#DIV/0!,0,0,0,0,0,#DIV/0!,0,0,0,0,0,0,0,0,0,0,0,0,0,0,0,0,0,0,0,0,0,0,0,0,,0,,,0,0,0,0,0,0,0,0,0,0,0,0,0,0,0,0,0,,,,,
01/26/2021,4,LTC,7375025,0,0,0,0,0,0,0,0,2725830.00,0,0,0,0,553429.00,2166381.00,6020.00,0,0,0,0,0,0,0,0,0,0,#DIV/0!,0,0,0,0,0,#DIV/0!,0,0,0,0,0,0,0,0,0,0,0,0,0,0,0,0,0,0,0,0,0,0,0,0,,0,,,0,0,0,0,0,0,0,0,0,0,0,0,0,0,0,0,0,,,,,
01/25/2021,4,LTC,6995325,0,0,0,0,0,0,0,0,2714487.00,0,0,0,0,551008.00,2157459.00,6020.00,0,0,0,0,0,0,0,0,0,0,#DIV/0!,0,0,0,0,0,#DIV/0!,0,0,0,0,0,0,0,0,0,0,0,0,0,0,0,0,0,0,0,0,0,0,0,0,,0,,,0,0,0,0,0,0,0,0,0,0,0,0,0,0,0,0,0,,,,,
01/24/2021,4,LTC,6872125,0,0,0,0,0,0,0,0,2567018.00,0,0,0,0,533539.00,2027459.00,6020.00,0,0,0,0,0,0,0,0,0,0,#DIV/0!,0,0,0,0,0,#DIV/0!,0,0,0,0,0,0,0,0,0,0,0,0,0,0,0,0,0,0,0,0,0,0,0,0,,0,,,0,0,0,0,0,0,0,0,0,0,0,0,0,0,0,0,0,,,,,
01/23/2021,3,LTC,6851825,0,0,0,0,0,0,0,0,2437670.00,0,0,0,0,499879.00,1931771.00,6020.00,0,0,0,0,0,0,0,0,0,0,#DIV/0!,0,0,0,0,0,#DIV/0!,0,0,0,0,0,0,0,0,0,0,0,0,0,0,0,0,0,0,0,0,0,0,0,0,,0,,,0,0,0,0,0,0,0,0,0,0,0,0,0,0,0,0,0,,,,,
01/22/2021,3,LTC,6777725,0,0,0,0,0,0,0,0,2289284.00,0,0,0,0,465394.00,1817870.00,6020.00,0,0,0,0,0,0,0,0,0,0,#DIV/0!,0,0,0,0,0,#DIV/0!,0,0,0,0,0,0,0,0,0,0,0,0,0,0,0,0,0,0,0,0,0,0,0,0,,0,,,0,0,0,0,0,0,0,0,0,0,0,0,0,0,0,0,0,,,,,
01/21/2021,3,LTC,6725500,0,0,0,0,0,0,0,0,2089181.00,0,0,0,0,433039.00,1650122.00,6020.00,0,0,0,0,0,0,0,0,0,0,#DIV/0!,0,0,0,0,0,#DIV/0!,0,0,0,0,0,0,0,0,0,0,0,0,0,0,0,0,0,0,0,0,0,0,0,0,,0,,,0,0,0,0,0,0,0,0,0,0,0,0,0,0,0,0,0,,,,,
01/20/2021,3,LTC,6165350,0,0,0,0,0,0,0,0,1908256.00,0,0,0,0,404207.00,1498029.00,6020.00,0,0,0,0,0,0,0,0,0,0,#DIV/0!,0,0,0,0,0,#DIV/0!,0,0,0,0,0,0,0,0,0,0,0,0,0,0,0,0,0,0,0,0,0,0,0,0,,0,,,0,0,0,0,0,0,0,0,0,0,0,0,0,0,0,0,0,,,,,
01/19/2021,3,LTC,5520425,0,0,0,0,0,0,0,0,1842563.00,0,0,0,0,388948.00,1447595.00,6020.00,0,0,0,0,0,0,0,0,0,0,#DIV/0!,0,0,0,0,0,#DIV/0!,0,0,0,0,0,0,0,0,0,0,0,0,0,0,0,0,0,0,0,0,0,0,0,0,,0,,,0,0,0,0,0,0,0,0,0,0,0,0,0,0,0,0,0,,,,,
01/18/2021,3,LTC,5018925,0,0,0,0,0,0,0,0,1735002.00,0,0,0,0,374947.00,1354035.00,6020.00,0,0,0,0,0,0,0,0,0,0,#DIV/0!,0,0,0,0,0,#DIV/0!,0,0,0,0,0,0,0,0,0,0,0,0,0,0,0,0,0,0,0,0,0,0,0,0,,0,,,0,0,0,0,0,0,0,0,0,0,0,0,0,0,0,0,0,,,,,
01/17/2021,3,LTC,4861850,0,0,0,0,0,0,0,0,1693339.00,0,0,0,0,369983.00,1317336.00,6020.00,0,0,0,0,0,0,0,0,0,0,#DIV/0!,0,0,0,0,0,#DIV/0!,0,0,0,0,0,0,0,0,0,0,0,0,0,0,0,0,0,0,0,0,0,0,0,0,,0,,,0,0,0,0,0,0,0,0,0,0,0,0,0,0,0,0,0,,,,,
01/16/2021,2,LTC,4861850,0,0,0,0,0,0,0,0,1599826.00,0,0,0,0,352023.00,1241783.00,6020.00,0,0,0,0,0,0,0,0,0,0,#DIV/0!,0,0,0,0,0,#DIV/0!,0,0,0,0,0,0,0,0,0,0,0,0,0,0,0,0,0,0,0,0,0,0,0,0,,0,,,0,0,0,0,0,0,0,0,0,0,0,0,0,0,0,0,0,,,,,
01/15/2021,2,LTC,4729250,0,0,0,0,0,0,0,0,1456458.00,0,0,0,0,319933.00,1130505.00,6020.00,0,0,0,0,0,0,0,0,0,0,#DIV/0!,0,0,0,0,0,#DIV/0!,0,0,0,0,0,0,0,0,0,0,0,0,0,0,0,0,0,0,0,0,0,0,0,0,,0,,,0,0,0,0,0,0,0,0,0,0,0,0,0,0,0,0,0,,,,,
01/14/2021,2,LTC,4729250,0,0,0,0,0,0,0,0,1311709.00,0,0,0,0,285783.00,1019906.00,6020.00,0,0,0,0,0,0,0,0,0,0,#DIV/0!,0,0,0,0,0,#DIV/0!,0,0,0,0,0,0,0,0,0,0,0,0,0,0,0,0,0,0,0,0,0,0,0,0,,0,,,0,0,0,0,0,0,0,0,0,0,0,0,0,0,0,0,0,,,,,
01/13/2021,2,LTC,4643450,0,0,0,0,0,0,0,0,1164840.00,0,0,0,0,252908.00,905912.00,6020.00,0,0,0,0,0,0,0,0,0,0,#DIV/0!,0,0,0,0,0,#DIV/0!,0,0,0,0,0,0,0,0,0,0,0,0,0,0,0,0,0,0,0,0,0,0,0,0,,0,,,0,0,0,0,0,0,0,0,0,0,0,0,0,0,0,0,0,,,,,
01/12/2021,2,LTC,4503925,0,0,0,0,0,0,0,0,1032764.00,0,0,0,0,222212.00,804532.00,6020.00,0,0,0,0,0,0,0,0,0,0,#DIV/0!,0,0,0,0,0,#DIV/0!,0,0,0,0,0,0,0,0,0,0,0,0,0,0,0,0,0,0,0,0,0,0,0,0,,0,,,0,0,0,0,0,0,0,0,0,0,0,0,0,0,0,0,0,,,,,
01/11/2021,2,LTC,4373475,0,0,0,0,0,0,0,0,937016.00,0,0,0,0,203918.00,727078.00,6020.00,0,0,0,0,0,0,0,0,0,0,#DIV/0!,0,0,0,0,0,#DIV/0!,0,0,0,0,0,0,0,0,0,0,0,0,0,0,0,0,0,0,0,0,0,0,0,0,,0,,,0,0,0,0,0,0,0,0,0,0,0,0,0,0,0,0,0,,,,,
01/10/2021,2,LTC,4150550,0,0,0,0,0,0,0,0,892804.00,0,0,0,0,191877.00,694907.00,6020.00,0,0,0,0,0,0,0,0,0,0,#DIV/0!,0,0,0,0,0,#DIV/0!,0,0,0,0,0,0,0,0,0,0,0,0,0,0,0,0,0,0,0,0,0,0,0,0,,0,,,0,0,0,0,0,0,0,0,0,0,0,0,0,0,0,0,0,,,,,
01/09/2021,1,LTC,4141150,0,0,0,0,0,0,0,0,809760.00,0,0,0,0,165723.00,638017.00,6020.00,0,0,0,0,0,0,0,0,0,0,#DIV/0!,0,0,0,0,0,#DIV/0!,0,0,0,0,0,0,0,0,0,0,0,0,0,0,0,0,0,0,0,0,0,0,0,0,,0,,,0,0,0,0,0,0,0,0,0,0,0,0,0,0,0,0,0,,,,,
01/08/2021,1,LTC,4100200,0,0,0,0,0,0,0,0,693246.00,0,0,0,0,134777.00,552449.00,6020.00,0,0,0,0,0,0,0,0,0,0,#DIV/0!,0,0,0,0,0,#DIV/0!,0,0,0,0,0,0,0,0,0,0,0,0,0,0,0,0,0,0,0,0,0,0,0,0,,0,,,0,0,0,0,0,0,0,0,0,0,0,0,0,0,0,0,0,,,,,
01/07/2021,1,LTC,3783325,0,0,0,0,0,0,0,0,603313.00,0,0,0,0,112029.00,485264.00,6020.00,0,0,0,0,0,0,0,0,0,0,#DIV/0!,0,0,0,0,0,#DIV/0!,0,0,0,0,0,0,0,0,0,0,0,0,0,0,0,0,0,0,0,0,0,0,0,0,,0,,,0,0,0,0,0,0,0,0,0,0,0,0,0,0,0,0,0,,,,,
01/06/2021,1,LTC,3515950,0,0,0,0,0,0,0,0,511635.00,0,0,0,0,90654.00,414961.00,6020.00,0,0,0,0,0,0,0,0,0,0,#DIV/0!,0,0,0,0,0,#DIV/0!,0,0,0,0,0,0,0,0,0,0,0,0,0,0,0,0,0,0,0,0,0,0,0,0,,0,,,0,0,0,0,0,0,0,0,0,0,0,0,0,0,0,0,0,,,,,
01/05/2021,1,LTC,3396400,0,0,0,0,0,0,0,0,429066.00,0,0,0,0,71026.00,352020.00,6020.00,0,0,0,0,0,0,0,0,0,0,#DIV/0!,0,0,0,0,0,#DIV/0!,0,0,0,0,0,0,0,0,0,0,0,0,0,0,0,0,0,0,0,0,0,0,0,0,,0,,,0,0,0,0,0,0,0,0,0,0,0,0,0,0,0,0,0,,,,,
01/04/2021,1,LTC,3051050,0,0,0,0,0,0,0,0,365117.00,0,0,0,0,57615.00,304077.00,3425.00,0,0,0,0,0,0,0,0,0,0,#DIV/0!,0,0,0,0,0,#DIV/0!,0,0,0,0,0,0,0,0,0,0,0,0,0,0,0,0,0,0,0,0,0,0,0,0,,0,,,0,0,0,0,0,0,0,0,0,0,0,0,0,0,0,0,0,,,,,
01/03/2021,1,LTC,2235700,0,0,0,0,0,0,0,0,330700.00,0,0,0,0,50962.00,279738.00,0,0,0,0,0,0,0,0,0,0,0,#DIV/0!,0,0,0,0,0,#DIV/0!,0,0,0,0,0,0,0,0,0,0,0,0,0,0,0,0,0,0,0,0,0,0,0,0,,0,,,0,0,0,0,0,0,0,0,0,0,0,0,0,0,0,0,0,,,,,
01/02/2021,53,LTC,2233600,0,0,0,0,0,0,0,0,282740.00,0,0,0,0,41087.00,241653.00,0,0,0,0,0,0,0,0,0,0,0,#DIV/0!,0,0,0,0,0,#DIV/0!,0,0,0,0,0,0,0,0,0,0,0,0,0,0,0,0,0,0,0,0,0,0,0,0,,0,,,0,0,0,0,0,0,0,0,0,0,0,0,0,0,0,0,0,,,,,
01/01/2021,53,LTC,2180950,0,0,0,0,0,0,0,0,265869.00,0,0,0,0,36457.00,229412.00,0,0,0,0,0,0,0,0,0,0,0,#DIV/0!,0,0,0,0,0,#DIV/0!,0,0,0,0,0,0,0,0,0,0,0,0,0,0,0,0,0,0,0,0,0,0,0,0,,0,,,0,0,0,0,0,0,0,0,0,0,0,0,0,0,0,0,0,,,,,
12/31/2020,53,LTC,2180950,0,0,0,0,0,0,0,0,236497.00,0,0,0,0,30991.00,205506.00,0,0,0,0,0,0,0,0,0,0,0,#DIV/0!,0,0,0,0,0,#DIV/0!,0,0,0,0,0,0,0,0,0,0,0,0,0,0,0,0,0,0,0,0,0,0,0,0,,0,,,0,0,0,0,0,0,0,0,0,0,0,0,0,0,0,0,0,,,,,
12/30/2020,53,LTC,2177050,0,0,0,0,0,0,0,0,167149.00,0,0,0,0,17141.00,150008.00,0,0,0,0,0,0,0,0,0,0,0,#DIV/0!,0,0,0,0,0,#DIV/0!,0,0,0,0,0,0,0,0,0,0,0,0,0,0,0,0,0,0,0,0,0,0,0,0,,0,,,0,0,0,0,0,0,0,0,0,0,0,0,0,0,0,0,0,,,,,
12/29/2020,53,LTC,2164250,0,0,0,0,0,0,0,0,102378.00,0,0,0,0,4505.00,97873.00,0,0,0,0,0,0,0,0,0,0,0,#DIV/0!,0,0,0,0,0,#DIV/0!,0,0,0,0,0,0,0,0,0,0,0,0,0,0,0,0,0,0,0,0,0,0,0,0,,0,,,0,0,0,0,0,0,0,0,0,0,0,0,0,0,0,0,0,,,,,
12/28/2020,53,LTC,1835500,0,0,0,0,0,0,0,0,67047.00,0,0,0,0,2,67045.00,0,0,0,0,0,0,0,0,0,0,0,#DIV/0!,0,0,0,0,0,#DIV/0!,0,0,0,0,0,0,0,0,0,0,0,0,0,0,0,0,0,0,0,0,0,0,0,0,,0,,,0,0,0,0,0,0,0,0,0,0,0,0,0,0,0,0,0,,,,,
12/27/2020,53,LTC,1485350,0,0,0,0,0,0,0,0,59948.00,0,0,0,0,1,59947.00,0,0,0,0,0,0,0,0,0,0,0,#DIV/0!,0,0,0,0,0,#DIV/0!,0,0,0,0,0,0,0,0,0,0,0,0,0,0,0,0,0,0,0,0,0,0,0,0,,0,,,0,0,0,0,0,0,0,0,0,0,0,0,0,0,0,0,0,,,,,
12/26/2020,52,LTC,1467550,0,0,0,0,0,0,0,0,52173.00,0,0,0,0,1,52172.00,0,0,0,0,0,0,0,0,0,0,0,#DIV/0!,0,0,0,0,0,#DIV/0!,0,0,0,0,0,0,0,0,0,0,0,0,0,0,0,0,0,0,0,0,0,0,0,0,,0,,,0,0,0,0,0,0,0,0,0,0,0,0,0,0,0,0,0,,,,,
12/25/2020,52,LTC,1467550,0,0,0,0,0,0,0,0,47981.00,0,0,0,0,1,47980.00,0,0,0,0,0,0,0,0,0,0,0,#DIV/0!,0,0,0,0,0,#DIV/0!,0,0,0,0,0,0,0,0,0,0,0,0,0,0,0,0,0,0,0,0,0,0,0,0,,0,,,0,0,0,0,0,0,0,0,0,0,0,0,0,0,0,0,0,,,,,
12/24/2020,52,LTC,1467550,0,0,0,0,0,0,0,0,43922.00,0,0,0,0,1,43921.00,0,0,0,0,0,0,0,0,0,0,0,#DIV/0!,0,0,0,0,0,#DIV/0!,0,0,0,0,0,0,0,0,0,0,0,0,0,0,0,0,0,0,0,0,0,0,0,0,,0,,,0,0,0,0,0,0,0,0,0,0,0,0,0,0,0,0,0,,,,,
12/23/2020,52,LTC,1467550,0,0,0,0,0,0,0,0,22889.00,0,0,0,0,0,22889.00,0,0,0,0,0,0,0,0,0,0,0,#DIV/0!,0,0,0,0,0,#DIV/0!,0,0,0,0,0,0,0,0,0,0,0,0,0,0,0,0,0,0,0,0,0,0,0,0,,0,,,0,0,0,0,0,0,0,0,0,0,0,0,0,0,0,0,0,,,,,
12/22/2020,52,LTC,1466650,0,0,0,0,0,0,0,0,1328.00,0,0,0,0,0,1328.00,0,0,0,0,0,0,0,0,0,0,0,#DIV/0!,0,0,0,0,0,#DIV/0!,0,0,0,0,0,0,0,0,0,0,0,0,0,0,0,0,0,0,0,0,0,0,0,0,,0,,,0,0,0,0,0,0,0,0,0,0,0,0,0,0,0,0,0,,,,,
12/21/2020,52,LTC,0,0,0,0,0,0,0,0,0,847,0,0,0,0,0,847,0,0,0,0,0,0,0,0,0,0,0,#DIV/0!,0,0,0,0,0,#DIV/0!,0,0,0,0,0,0,0,0,0,0,0,0,0,0,0,0,0,0,0,0,0,0,0,0,,0,,,0,0,0,0,0,0,0,0,0,0,0,0,0,0,0,0,0,,,,,
12/20/2020,52,LTC,0,0,0,0,0,0,0,0,0,657,0,0,0,0,0,657,0,0,0,0,0,0,0,0,0,0,0,#DIV/0!,0,0,0,0,0,#DIV/0!,0,0,0,0,0,0,0,0,0,0,0,0,0,0,0,0,0,0,0,0,0,0,0,0,,0,,,0,0,0,0,0,0,0,0,0,0,0,0,0,0,0,0,0,,,,,
12/19/2020,51,LTC,0,0,0,0,0,0,0,0,0,0,0,0,0,0,0,0,0,0,0,0,0,0,0,0,0,0,0,#DIV/0!,0,0,0,0,0,#DIV/0!,0,0,0,0,0,0,0,0,0,0,0,0,0,0,0,0,0,0,0,0,0,0,0,0,,0,,,0,0,0,0,0,0,0,0,0,0,0,0,0,0,0,0,0,,,,,
12/18/2020,51,LTC,0,0,0,0,0,0,0,0,0,0,0,0,0,0,0,0,0,0,0,0,0,0,0,0,0,0,0,#DIV/0!,0,0,0,0,0,#DIV/0!,0,0,0,0,0,0,0,0,0,0,0,0,0,0,0,0,0,0,0,0,0,0,0,0,,0,,,0,0,0,0,0,0,0,0,0,0,0,0,0,0,0,0,0,,,,,
12/17/2020,51,LTC,0,0,0,0,0,0,0,0,0,0,0,0,0,0,0,0,0,0,0,0,0,0,0,0,0,0,0,#DIV/0!,0,0,0,0,0,#DIV/0!,0,0,0,0,0,0,0,0,0,0,0,0,0,0,0,0,0,0,0,0,0,0,0,0,,0,,,0,0,0,0,0,0,0,0,0,0,0,0,0,0,0,0,0,,,,,
12/16/2020,51,LTC,0,0,0,0,0,0,0,0,0,0,0,0,0,0,0,0,0,0,0,0,0,0,0,0,0,0,0,#DIV/0!,0,0,0,0,0,#DIV/0!,0,0,0,0,0,0,0,0,0,0,0,0,0,0,0,0,0,0,0,0,0,0,0,0,,0,,,0,0,0,0,0,0,0,0,0,0,0,0,0,0,0,0,0,,,,,
12/15/2020,51,LTC,0,0,0,0,0,0,0,0,0,0,0,0,0,0,0,0,0,0,0,0,0,0,0,0,0,0,0,#DIV/0!,0,0,0,0,0,#DIV/0!,0,0,0,0,0,0,0,0,0,0,0,0,0,0,0,0,0,0,0,0,0,0,0,0,,0,,,0,0,0,0,0,0,0,0,0,0,0,0,0,0,0,0,0,,,,,
12/14/2020,51,LTC,0,0,0,0,0,0,0,0,0,0,0,0,0,0,0,0,0,0,0,0,0,0,0,0,0,0,0,#DIV/0!,0,0,0,0,0,#DIV/0!,0,0,0,0,0,0,0,0,0,0,0,0,0,0,0,0,0,0,0,0,0,0,0,0,,0,,,0,0,0,0,0,0,0,0,0,0,0,0,0,0,0,0,0,,,,,
12/13/2020,51,LTC,0,0,0,0,0,0,0,0,0,0,0,0,0,0,0,0,0,0,0,0,0,0,0,0,0,0,0,#DIV/0!,0,0,0,0,0,#DIV/0!,0,0,0,0,0,0,0,0,0,0,0,0,0,0,0,0,0,0,0,0,0,0,0,0,,0,,,0,0,0,0,0,0,0,0,0,0,0,0,0,0,0,0,0,,,,,