,AL,CA,CO,CT,DE,IL,KY,MD,MI,MN,NJ,NY,OH,OR,WV
Alaska,6.194931892442931e-17,3.5722627305852833e-16,0.0,0.0,0.12122948829295792,0.031128900560452186,0.0,0.032731196759836934,1.7631832877591806e-17,2.005400094474544e-16,0.0,0.04861857356257123,1.693164941452622e-16,0.012260369988993379,0.15846753935713956
Arkansas,0.06965767595705304,0.0,2.6907278867720277e-16,4.9242942516593165e-17,4.0324316086871477e-16,0.0381520938776398,1.622694036890538e-16,6.107759020987521e-17,1.344087964686396e-16,0.0,0.0,1.667682975408893e-17,6.581898083069697e-17,0.03911299001837632,4.869863464308094e-16
Arizona,0.0,0.0,0.0,8.732224492568136e-17,0.0,0.02458060063447291,0.11446403418252768,0.0,5.4766412615823275e-17,0.0,0.0,0.03273085628063482,2.5723771956961246e-16,0.023699577658703775,0.2313718465298795
Florida,1.007725045120779e-17,0.0,8.632709983827843e-17,1.5426509830951337e-16,0.05465462832131164,0.041867518533605375,0.05224573863876646,0.0,2.630474668979995e-18,0.0,6.185265364283807e-16,0.033225318636497504,2.1570100868430647e-16,0.02644948868006733,0.0
Georgia,0.039286550834965475,8.25630694142457e-16,0.0,0.0,6.20465112927875e-18,0.039902001305846285,9.497045110743298e-18,0.06062786779955932,2.5407393863104002e-17,0.0,1.1329012642547958e-16,0.08054569046881774,0.0,0.008441325280557814,0.0
Hawaii,0.048673008779198425,0.0,0.0,0.010998667417142515,0.02545433455037124,0.030221300342919234,0.0,0.07807768881721013,0.1081013485230892,0.03952830492336108,0.0844838978030418,5.4670658323624084e-17,0.0,0.04094341797936863,0.0
Iowa,0.026999103501981158,0.0,6.307062804794921e-17,1.224295890133697e-16,2.297961904110429e-16,0.020727939749108176,0.12648573446655495,1.497960826560285e-16,0.0,8.760644136282594e-17,6.530005857557769e-17,5.5362338454024675e-17,0.0941712073720827,0.03915683277399616,0.016447850585330527
Idaho,0.0,4.987812730731589e-16,0.09255286849331412,0.040694255554821826,3.361026734705064e-17,0.037998052403621724,0.0,0.1351237173067138,0.0,0.03984994114827725,1.7490002533867563e-17,0.06348613098930696,1.7235850379126887e-16,0.0277225033394236,0.0
Indiana,7.54585507763e-18,0.0,6.951812788610505e-17,0.0,0.0,0.026923320488061328,0.0,0.0,0.12359664149276439,0.05761690691512514,1.5999915097466007e-16,9.669122990922727e-17,0.04353716220643983,0.0362121352088171,0.0
Kansas,0.0,1.6426589040783976e-16,8.010476159703548e-17,0.0029910024183927033,5.762009490548598e-17,0.023744655442284924,0.05209496936730596,4.635850381807001e-17,0.041345860807024355,0.034434238302135184,0.0,0.06219170015702613,0.019923291972192326,0.034041881987877096,0.07301045014099983
Louisiana,1.2320779811548248e-16,0.0,0.0,3.4729882705301755e-17,0.04263712996490999,0.023162239923679565,0.1178576551195745,0.05293142496987429,0.0,1.451116011342746e-16,0.0,0.08111357461336191,0.0,0.005395451694021108,0.046701812030411016
Massachusetts,1.9185241280755873e-16,0.0,9.908534789167136e-17,0.0,0.1339221952493659,0.03754247421529059,3.0006490474742034e-16,1.1226913496087398e-16,0.0,0.035563188814622594,0.0,0.08760448664310495,1.3030614226776982e-16,0.041219345964116416,0.21098867961150378
Maine,7.776725407517937e-17,9.540979117872439e-18,0.12788724589455278,0.28753895809333424,5.807257886375483e-17,0.035758501990313926,0.0,0.23424103590086487,0.0645274471293527,0.1410661841444268,0.40225555274518754,4.497400030864908e-17,6.700594112088352e-18,0.03398936931171271,1.4869832795638693e-16
Missouri,0.0,1.2300614964241157e-16,1.976150697328035e-16,0.0,2.2605466121710986e-17,0.012381217281651764,0.13501702933176085,3.176094158308496e-17,1.0490375443412525e-16,4.889009524660142e-17,0.0,0.0394700536255026,0.0,7.956236724883263e-19,0.055366125194397084
Mississippi,7.85010434808564e-17,2.4347557876280235e-16,0.0,0.0,0.0,0.042040866291038925,1.0927020947497181e-16,0.021683418526040155,0.04775031434225328,0.03630428377081789,2.1192602954664186e-16,0.022313473586469193,0.0,0.03000194132764421,0.03764112594884104
Montana,0.16101687791966568,0.0,9.303825148347936e-17,0.0,3.270779273237552e-17,8.278033971476654e-18,0.10460264575361367,2.199575157429967e-17,0.05467225613908212,0.09389015956465994,0.0,1.686600523847478e-17,0.09943270620900342,0.03583169810868369,0.04532964034666623
North Carolina,0.0,0.0,0.0,4.351982282591623e-18,5.5121890132532676e-17,0.016932743103661392,0.014336493356554712,0.0,0.06806470263258255,0.00013825482623069148,1.5671163045694644e-16,3.8160931223397594e-17,0.13946106821208745,0.03344632031069313,1.3810702798391916e-16
North Dakota,0.03368993229037386,0.0,0.0,0.0,0.051385000510474954,0.018261697317290798,0.0,0.07571626659310043,1.1946430768091197e-16,1.1629814998814083e-16,1.2962102882496356e-16,0.013407102003848741,0.0,0.03070762886519821,8.998539218450785e-17
Nebraska,3.510231995287676e-19,1.614589979710421e-17,0.027928962978036428,0.12057793324188332,0.0273044527561701,0.027918163771395024,2.2192128958922824e-17,0.0,0.06279627994229449,0.07027713772054646,9.276025027655805e-05,9.949241421949778e-18,1.0261437082090567e-16,0.03867723630145153,0.0
New Mexico,0.1550259538248127,0.2387918723797021,0.053407677709672405,1.5116473830748985e-17,1.9664716903455837e-17,0.000718759423695365,0.02873169333911173,6.101171235094297e-17,9.189617385105421e-17,4.0137242795363e-16,5.945111674006873e-17,0.022838191651333283,0.0,0.037856684683127834,2.0049509794111768e-17
Nevada,0.0,9.853264913966431e-17,6.353713685786818e-17,0.07884158016966199,0.0,0.030806327029647626,0.01363582063314172,0.01118216610573381,5.570153862745436e-17,6.526897078362737e-17,0.04254166219008071,0.07906316687021554,0.0,0.026157181469455216,1.5074475955695332e-16
Oklahoma,0.0,1.718647654306033e-16,9.60122687454597e-17,1.2905296613303303e-16,0.0,0.045966508187500976,4.492112936511016e-17,0.019115152600925004,0.08278722322853742,0.0,1.6415240821600716e-16,3.057134742048944e-17,0.0,0.02979648899419326,0.0
Pennsylvania,6.843788510950937e-17,0.16878154300984782,0.14246349193574367,0.029058044627934404,0.0,0.0425611999091614,1.3189817937413191e-17,0.0,3.325361895398359e-17,0.0011937887621231696,1.3150191630634732e-16,0.00911029714826241,6.980102565386783e-17,0.04191106099006621,0.0
Rhode Island,1.2503976516493816e-17,5.179717264734412e-16,4.740098215604871e-17,0.0,0.08927078488071422,0.04025539124096583,0.0,0.0,0.01728678169695667,0.1322498528970105,1.5403625171300304e-16,0.0725999240155655,3.6512191689134116e-17,0.03120267092634414,0.01950701264636228
South Carolina,6.576622210889448e-17,2.2578284241059437e-16,0.0,0.01649922888838674,0.2504969261155203,0.0,2.0767526897562653e-17,0.06659391434773904,0.06345591901307464,0.024519894036583497,1.7087035914108202e-16,3.900396310453016e-17,0.061220216730715565,0.023463267460945302,3.6906919577764374e-17
South Dakota,5.334818541390732e-17,0.0,0.0,9.057711172733309e-17,0.05810279046278274,0.035451769287189225,0.03271296531462807,0.025232284144568295,2.695758433585175e-17,0.0,2.79132111573251e-16,0.047617292346767245,6.315429628777361e-17,0.01284128364246521,0.015597243008821978
Tennessee,0.23651405568732745,0.0,0.0,1.3843643173224207e-16,0.05572564328475731,3.60655657039996e-17,0.08034810552820712,1.3796332101928074e-16,0.05271788363572212,3.6694592379743274e-17,0.0,3.786867381783562e-17,0.43311423637161506,0.02477490874121769,0.03324313565153783
Texas,0.0,0.0,3.796070657734071e-17,0.0,1.8700210697255206e-16,0.0397326423791152,0.12746711496825225,0.0,5.960498583902303e-17,0.0,7.391426441313287e-18,0.002432980289915814,3.40203046975454e-17,0.02447324862091096,0.05632753894810936
Utah,0.010780839822404941,0.0,6.480289313654952e-17,0.0,0.0,0.04137623265373935,2.0981503909820118e-17,1.5531265356728716e-17,1.8709700146229812e-16,1.0412843509896236e-16,4.573271581219214e-16,0.08105644180972688,0.0,0.030831299523254103,2.6061848534299215e-16
Virginia,0.15220374662500988,0.4682221741539364,0.22539206404131443,0.0359226703400226,0.0,0.038577408177156505,0.0,0.026152054997388895,3.6272809733544235e-17,5.1878651372860353e-17,0.13062493014381565,2.683454283456868e-17,0.10914011092586309,0.04142530127612064,0.0
Vermont,0.0,4.4068591768446345e-16,0.0,0.14590147757397784,0.08975218156362189,0.03104099542652877,7.659846559723994e-17,0.018763882934296868,0.06021699989234307,0.0916826398815594,1.0956249535137422e-16,4.515619534110755e-18,0.0,0.03957945401173837,0.0
Washington,0.032200394642452335,2.279789185884397e-16,0.22436421387409422,0.15067038146999537,4.2430178423745475e-17,0.04006257151723581,0.0,0.09811510767716497,5.8628772958865684e-05,0.006392098286947168,0.23192911897202992,0.05787277812267253,0.0,0.022366193083056658,1.1100536180357057e-16
Wisconsin,0.033951860114754914,2.6650710575560775e-16,0.03712649808955996,0.08030580020444646,0.0,0.043319077443000044,8.736937512603602e-17,0.04371282051898324,0.039612721465967234,0.11240309381548515,0.10807207789556866,0.04588232487966425,0.0,0.04001056297830356,8.368003452686585e-17
Wyoming,8.963452522198277e-18,0.1242044104565137,0.06887697698371283,0.0,6.444404704121368e-05,0.04088683009273,6.183894691459236e-17,0.0,0.11300899128599713,0.08289003219008764,0.0,0.01681964229873479,0.0,0.036000878799098725,1.4257581714106297e-16
